"T001","T002","T003","T004","T005","T006","T007","T008","T009","T010","T011","T012","T013","T014","T015","T016","T017","T018","T019","T020","T021","T022","T023","T024","T025","T026","T027","T028","T029","T030","T031","T032","T033","T034","T035","T036","T037","T038","T039","T040","T041","T042","T043","T044","T045","T046","T047","T048","T049","T050","T051","T052","T053","T054","T055","T056","T057","T058","T059","T060"
847.903816793893,799.024427480916,799.097709923664,798.285496183206,794.854961832061,797.254961832061,797.563358778626,798.019847328244,796.55572519084,797.079389312977,790.832061068702,792.900763358779,797.161832061069,797.468702290076,796.47786259542,798.887022900763,796.671755725191,801.135877862595,797.803053435115,800.116030534351,798.621374045802,798.24427480916,797.453435114504,797.451908396947,795.221374045802,795.422900763359,793.865648854962,798.645801526718,797.346564885496,794.758778625954,795.670229007634,793.807633587786,797.250381679389,797.145038167939,797.068702290076,799.311450381679,797.27786259542,800.523664122137,798.17251908397,797.103816793893,792.476335877863,790.699236641221,792.754198473282,793.629007633588,796.551145038168,797.103816793893,796.821374045802,801.451908396947,798.259541984733,797.691603053435,795.116030534351,798.051908396947,796.986259541985,797.389312977099,792.474809160305,796.297709923664,792.496183206107,795.691603053435,793.864122137405,794.928244274809
937.605752961083,901.52538071066,900.340947546531,897.334179357022,894.598984771574,899.359560067682,898.013536379019,901.249576988156,894.786802030457,892.247884940778,890.390862944162,894.858714043993,894.788494077834,894.593908629442,895.228426395939,900.260575296108,899.328257191201,898.798646362098,898.060067681895,899.946700507614,899.403553299492,898.712351945854,899.004230118443,894.958544839256,894.34179357022,893.467005076142,896.691201353638,898.261421319797,896.787648054146,892.65820642978,889.88578680203,892.197123519459,896.648054145516,898.041455160744,896.235194585448,895.27834179357,899.082910321489,903.603214890017,897.642978003384,888.955160744501,888.78510998308,890.697969543147,891.25296108291,893.928087986464,893.229272419628,896.20219966159,897.148900169205,898.626903553299,899.429780033841,899.296108291032,898.916243654822,897.692893401015,897.138747884941,896.366328257191,894.186971235195,895.076988155668,895.871404399323,893.927241962775,893.108291032149,900.102368866328
592.957317073171,573.64837398374,566.45325203252,561.475609756098,562.343495934959,567.441056910569,568.526422764228,558.313008130081,558.058943089431,560.282520325203,555.731707317073,559.973577235772,562.65243902439,564.55081300813,564.802845528455,568.247967479675,568.516260162602,568.59756097561,562.658536585366,564.388211382114,571.030487804878,568.605691056911,567.951219512195,563.10162601626,559.540650406504,564.709349593496,565.595528455285,564.794715447154,567.743902439024,568.973577235772,566.491869918699,562.128048780488,565.567073170732,571.603658536585,563.353658536585,566.684959349593,569.107723577236,561.904471544715,571.626016260163,558.869918699187,560.483739837398,567.5,554.888211382114,560.384146341463,565.904471544715,569.565040650407,568.197154471545,565.790650406504,567.030487804878,555.758130081301,554.756097560976,558.485772357724,554.934959349593,561.455284552846,553.973577235772,557.857723577236,554.150406504065,555.34756097561,552.764227642276,553.20325203252
854.399672846238,811.61014176663,810.093784078517,810.092148309706,805.935114503817,810.008724100327,807.635768811341,810.498909487459,807.29280261723,804.937295528899,802.045801526718,807.176117775354,806.836968375136,808.039258451472,807.682115594329,808.179934569248,808.379498364231,810.99945474373,809.251908396947,808.176663031625,810.767175572519,806.877317339149,808.362595419847,805.393129770992,806.149400218103,808.177208287895,804.931842966194,808.266630316249,807.019629225736,801.579062159215,803.923664122137,806.944929116685,804.88985823337,806.923664122137,808.516902944384,808.835877862595,807.249182115594,818.563794983642,807.992911668484,806.261177753544,802.868593238822,804.769901853871,803.357688113413,808.519083969466,808.177208287895,807.645038167939,810.405670665213,810.912213740458,810.521264994547,806.124863685932,805.24372955289,807.523446019629,808.138495092694,803.327699018539,801.258996728462,804.550708833152,803.298800436205,806.376772082879,802.448745910578,810.595419847328
578.85497470489,543.865654862282,539.437886453063,539.263069139966,537.707700955593,541.75604272063,536.496908375492,539.934232715008,534.982012366498,528.980888139404,528.843170320405,529.663293985385,534.630691399663,537.956155143339,538.78527262507,541.010118043845,541.329960652052,541.713322091062,539.721753794266,533.818999437886,540.258010118044,535.297920179876,542.186059584036,538.657110736369,536.663856098932,531.150084317032,532.322653175942,535.101180438449,537.902192242833,536.362563237774,535.003372681282,533.40921866217,532.155705452501,537.578976953345,536.394041596402,537.665542439573,541.402473299607,540.301292861158,537.535132096684,527.001686340641,529.539629005059,533.784148397976,531.244519392917,535.208544125913,536.926925238898,539.14502529511,540.116919617763,541.565486228218,541.04215851602,533.086003372681,536.329398538505,530.329960652052,534.929173693086,530.886453063519,529.32658797077,532.741427768409,532.390106801574,532.103991006183,530.576728499157,538.003372681282
481.755059021922,460.428892636313,457.289207419899,457.748735244519,455.040331646993,459.584598088814,456.931422147274,452.006745362563,452.58347386172,450.104834176504,448.362001124227,451.22287802136,454.684654300169,455.569139966273,456.615654862282,457.518128161889,457.991006183249,459.27107925801,457.626194491287,457.668212478921,458.08305227656,457.593591905565,459.728358628443,456.939151208544,456.235244519393,456.313378302417,455.045250140528,456.496346261945,455.56197301855,452.526700393479,455.020095559303,453.599634626194,453.38813940416,457.364811691962,454.409359190556,458.189853850478,459.566750983699,453.193226531759,454.990725126476,450.988195615514,448.467678471051,452.129286115795,449.709949409781,453.687745924677,456.310146149522,457.783305227656,456.276981450253,458.55550871276,459.243816750984,457.714446318156,458.847948285554,456.434092186622,456.850056211355,456.308600337268,455.757448004497,457.846683530073,453.716835300731,456.120994940978,453.276278808319,457.232012366498
779.110964332893,714.088507265522,714.758256274769,712.298546895641,708.125495376486,710.409511228534,709.675033025099,712.414795244386,704.099075297226,701.661822985469,701.420079260238,703.416116248349,706.188903566711,710.912813738441,713.566710700132,711.513870541612,708.974900924703,713.208718626156,712.005284015852,713.264200792602,710.129458388375,705.660501981506,709.457067371202,707.532364597094,706.207397622193,702.216644649934,705.752972258917,708.894319682959,704.033025099075,705.808454425363,699.887714663144,707.034346103038,702.417437252312,706.05284015852,706.496697490093,709.130779392338,706.221928665786,713.184940554822,703.86393659181,702.517833553501,696.849405548217,698.303830911493,698.861294583884,702.936591809775,704.656538969617,703.029062087186,706.689564068692,708.892998678996,708.935270805812,702.21928665786,702.937912813738,703.747688243065,703.361955085865,698.347424042272,697.892998678996,698.443857331572,695.420079260238,697.331571994716,696.450462351387,704.376486129458
669.111111111111,587.975903614458,587.239625167336,589.809906291834,583.373493975904,589.895582329317,584.156626506024,580.0093708166,580.005354752343,574.757697456493,574.738955823293,574.609103078983,580.461847389558,583.219544846051,584.364123159304,581.528781793842,583.435073627845,587.202141900937,586.194109772423,587.63453815261,584.958500669344,581.030789825971,586.821954484605,584.777777777778,585.164658634538,577.808567603748,576.982597054886,580.9812583668,579.91030789826,575.894243641232,579.661311914324,577.255689424364,571.429718875502,578.004016064257,575.329317269076,582.601070950469,581.536813922356,567.473895582329,574.942436412316,572.171352074967,566.796519410977,565.24765729585,567.791164658635,572.187416331995,576.137884872825,575.406961178046,577.192771084337,579.013386880857,577.578313253012,570.123159303882,574.192771084337,573.151271753681,571.452476572959,566.203480589023,567.349397590361,567.472556894244,562.800535475234,565.834002677376,563.037483266399,569.065595716198
742.232030264817,711.638083228247,711.84867591425,710.699873896595,707.736443883985,708.929382093317,708.820933165195,712.803278688525,707.66078184111,705.446406052963,704.520807061791,708.459016393443,709.128625472888,708.001261034048,708.53972257251,711.554854981085,710.542244640605,711.253467843632,710.017654476671,710.247162673392,710.877679697352,710.147540983607,707.441361916772,708.249684741488,706.271122320303,706.051702395965,708.698612862547,710.761664564943,709.944514501892,705.523329129887,702.313997477932,707.239596469105,709.846153846154,708.055485498108,708.53341740227,708.387137452711,709.760403530895,714.518284993695,708.820933165195,703.718789407314,702.923076923077,704.727616645649,706.39974779319,708.361916771753,706.076923076923,706.934426229508,707.501891551072,711.41235813367,711.1815889029,709.9394703657,710.03656998739,709.110970996217,710.846153846154,708.175283732661,707.540983606557,708.489281210593,708.708701134931,708.296343001261,707.923076923077,711.427490542245
598.736395092796,552.099716892104,550.837684806543,550.953759043724,549.336269267065,553.497326203209,551.613085876062,546.464296948726,547.869455803712,543.639194715319,541.66278703995,545.632274300094,546.567474048443,546.035860333438,548.867253853413,553.395407360805,548.112928593897,550.429065743945,549.817552689525,551.180559924505,552.391632588864,551.936458005662,553.966656181189,549.304812834225,549.472790185593,549.229946524064,550.334381881095,543.459893048128,546.871028625354,545.379364580057,544.517772884555,539.669078326518,546.307014784523,549.77319911922,546.490720352312,549.057879836427,550.111670336584,544.795533186537,542.761560239069,540.65869770368,534.874803397295,540.936458005662,538.287826360491,541.979238754325,544.935514312677,546.865366467443,544.502359232463,546.522491349481,548.16955017301,543.774771940862,545.47530670022,544.627555835168,543.024536017616,543.585404215162,543.783265177729,543.668134633533,539.854671280277,541.652091852784,539.012897137465,543.069204152249
920.558316080055,897.503105590062,895.07729468599,892.554175293306,891.32022084196,895.169082125604,893.868184955141,895.55900621118,892.659765355418,889.700483091787,885.965493443754,890.431331953071,890.993098688751,891.16011042098,892.052449965493,896.088336783989,894.416839199448,893.11939268461,892.32022084196,894.67839889579,893.732919254658,893.505866114562,894.326432022084,890.815044858523,890.131124913734,889.113871635611,890.587301587302,890.470669427191,892.839199447895,890.24016563147,888.24154589372,887.934437543133,891.080745341615,894.471359558316,891.663906142167,891.187025534852,895.412698412698,896.632160110421,891.937198067633,888.91856452726,886.091787439614,890.984126984127,887.626639061422,889.337474120083,890.226363008972,893.786749482402,893.175983436853,893.909592822636,894.464458247067,891.706004140787,891.369220151829,890.958592132505,890.990338164251,890.60248447205,889.564527260179,890.815734989648,888.843340234645,890.274672187716,887.100069013112,893.852311939268
441.929662292966,413.46870294687,412.761669176167,412.147343514734,410.320068832007,411.275758227576,411.933964293396,411.886427188643,410.560980856098,408.511507851151,407.584856958486,410.081092708109,410.649817164982,410.648956764896,411.477091847709,412.733921273392,412.13959991396,411.682082168208,411.490643149064,411.270165627017,413.057861905786,410.90449559045,410.956549795655,409.812862981286,408.865132286513,409.435147343515,412.014411701441,411.517530651753,408.820391482039,409.284362228436,407.279630027963,409.552376855238,411.190793719079,410.496020649602,410.205205420521,410.636050763605,410.443966444397,410.116369111637,409.181759518176,406.023445902345,404.574532157453,405.232738223274,406.345450634545,407.218756721876,407.917616691762,408.556033555603,409.671542267154,410.578619057862,409.660357066036,409.167562916756,410.362658636266,410.379436437944,410.79909657991,408.209507420951,407.990320499032,408.946224994623,407.460959346096,407.984942998494,406.919982791998,409.917186491719
721.86877076412,575.511627906977,569.666112956811,572.031561461794,567.200996677741,569.599667774086,570.681063122924,569.794019933555,560.279069767442,568.176079734219,560.297342192691,566.347176079734,571.18438538206,572.704318936877,572.827242524917,571.161129568106,568.606312292359,578.511627906977,573.046511627907,572.654485049834,572.800664451827,572.031561461794,571.652823920266,573.951827242525,570.878737541528,567.867109634552,568.176079734219,569.888704318937,572.667774086379,570.621262458472,573.182724252492,573.602990033223,570.564784053156,571.063122923588,573.910299003322,575.707641196013,574.46511627907,570.830564784053,576.35049833887,568.305647840532,573.667774086379,573.611295681063,568.913621262458,572.787375415282,575.63122923588,578.981727574751,575.757475083057,580.573089700997,577.229235880399,571.028239202658,566.171096345515,571.312292358804,572.513289036545,572.715946843854,565.181063122924,577.56146179402,567.338870431894,572.320598006645,570.495016611296,573.84219269103
784.964125560538,727.634208840487,724.903587443946,725.219090326714,725.779628443306,728.725176169122,724.562459961563,722.143818065343,720.066623959001,718.747277386291,715.292440743113,720.346252402306,721.261691223575,721.000960922486,726.255605381166,729.74599615631,725.289878283152,725.771941063421,723.711402946829,726.33536194747,729.904548366432,730.531069827034,729.804292120436,727.572709801409,725.469891095452,722.337283792441,724.213965406791,722.354260089686,721.679692504805,724.130044843049,719.719090326714,718.331197950032,722.777706598334,725.987508007687,722.233824471493,726.411915438821,727.128122998078,719.984945547726,721.327674567585,718.668802049968,711.024983984625,717.288597053171,712.93529788597,719.763292761051,720.943625880846,723.536515054452,722.072709801409,724.116271620756,725.377001921845,722.201153106983,722.622998078155,721.864830237027,720.284753363229,721.396540679052,720.90935297886,721.209160794363,713.881486226778,717.579756566304,713.459641255605,718.320627802691
894.571975497703,838.908882082695,836.124808575804,836.166921898928,832.194486983155,832.487748851455,831.875191424196,836.894333843798,833.482388973966,830.426493108729,826.549770290965,827.151607963247,829.947166921899,833.078101071976,832.956355283308,829.814701378254,831.089586523737,835.136294027565,832.85528330781,831.989280245023,834.423430321593,830.094180704441,829.950995405819,829.226646248086,828.705206738132,826.183001531394,828.211332312404,834.713629402757,830.312404287902,828.509954058193,829.139356814701,832.509954058193,826.781776416539,829.035222052067,831.243491577335,832.360643185299,831.046707503828,835.695252679939,831.508422664625,826.733537519142,824.203675344564,822.048238897397,821.212098009188,828.344563552833,827.032159264931,828.542879019908,831.034456355283,833.683001531394,832.555895865237,830.733537519142,831.405053598775,831.563552833078,830.847626339969,825.348392036753,824.753445635528,828.349923430322,827.637825421133,829.151607963247,828.833078101072,830.28943338438
905.670549084859,840.843594009983,836.800332778702,835.727121464226,827.620632279534,836.442595673877,832.159733777038,835.472545757072,833.311148086523,822.988352745424,817.467554076539,824.344425956739,831.232945091514,828.692179700499,828.996672212978,836.319467554077,838.480865224626,834.113144758735,829.930116472546,834.058236272879,836.742096505824,838.206322795341,837.066555740433,833.289517470882,831.106489184692,830.763727121464,832.883527454243,835.633943427621,832.758735440932,832.677204658902,820.63227953411,822.051580698835,827.732113144759,837.587354409318,832.114808652246,834.956738768719,830.978369384359,836.217970049917,825.324459234609,825.098169717138,812.515806988353,818.577371048253,818.013311148086,822.457570715474,827.232945091514,837.021630615641,833.787021630616,837.605657237937,832.697171381032,833.718801996672,833.545757071547,836.590682196339,834.246256239601,831.409317803661,832.277870216306,833.467554076539,829.131447587354,831.093178036606,823.207986688852,827.073211314476
1019.71607753706,940.69897377423,937.39566704675,937.392246294185,931.568985176739,936.669327251995,935.27023945268,940.645381984036,935.858608893957,933.269099201824,923.630558722919,932.12086659065,932.106043329533,930.939566704675,935.346636259977,940.800456100342,934.039908779932,935.718358038769,931.765108323831,935.66590649943,939.901938426454,939.345496009122,939.144811858609,936.403648802737,933.759407069555,934.984036488027,934.809578107184,934.906499429875,936.189281641961,932.847206385405,927.762827822121,929.038768529076,937.33181299886,937.636259977195,934.18244013683,935.996579247434,936.381984036488,942.15393386545,934.751425313569,933.204104903079,926.521094640821,932.992018244014,928.697833523375,931.85062713797,936.877993158495,939.750285062714,938.448118586089,938.588369441277,939.057012542759,934.704675028506,934.354618015964,936.223489167617,939.888255416192,933.551881413911,936.098061573546,937.189281641961,929.071835803877,933.767388825542,928.616875712657,931.811858608894
913.214033316507,845.447753659768,850.929328621908,850.928319030793,841.840484603735,848.960625946492,847.594649167087,846.942453306411,841.610802624937,844.676426047451,836.147905098435,841.531044926805,844.87834427057,844.464411913175,842.6925795053,848.804139323574,850.098939929329,849.675416456335,847.973750630994,845.170116102978,849.591115598183,848.378596668349,849.275113579001,843.042907622413,846.536092882383,844.791014639071,838.256436143362,838.599192327108,843.991923271075,843.887935386169,839.036850075719,840.948006057547,839.262998485613,844.570418980313,841.342251388188,841.018172640081,841.375567895003,845.485108531045,839.516405855628,834.380111055023,828.522463402322,833.005552751136,829.216052498738,837.808177688036,838.73397274104,841.049469964664,841.792024230187,846.212518929833,846.042907622413,837.515901060071,842.746087834427,841.60323069157,842.202423018677,836.43816254417,835.765270065623,839.250378596668,833.264008076729,841.355376072691,838.666834931853,833.372539121656
917.397793640493,832.45554834523,828.020116807268,827.865022712524,821.74561972745,823.906554185594,825.229720960415,833.264763140818,826.537313432836,826.74367293965,813.231667748216,818.940298507463,818.584685269306,823.5048669695,823.743024010383,826.887735236859,826.906554185594,827.423750811162,823.229720960415,824.941596365996,828.645684620376,830.384166125892,826.312134977287,826.436729396496,824.728098637249,826.152498377677,824.060999351071,827.55613238157,825.397793640493,820.632057105776,818.448410123297,819.284879948086,825.886437378326,827.630759247242,821.628163530175,826.422452952628,826.589227774173,835.996755353666,825.216742375081,826.057754704737,816.321219987021,818.55029201817,817.526930564568,820.421804023361,825.576249188838,827.578844905905,826.970798182998,830.767034393251,827.030499675535,826.277741726152,824.911745619727,828.602855288774,826.754055807917,824.386112913692,822.880597014925,827.45165476963,823.138870863076,824.833225178456,818.980532121999,824.515898767034
824.651560926485,794.160120845921,787.201409869084,790.7583081571,785.431017119839,785.370594159114,783.801611278953,785.346424974824,782.067472306143,787.472306143001,773.595166163142,778.544813695871,781.215508559919,780.727089627392,785.354481369587,785.27693856999,786.746223564955,785.608257804632,785.133937562941,781.442094662639,788.33635448137,784.985901309164,785.624370594159,784.648539778449,785.074521651561,779.29003021148,778.21752265861,784.776435045317,781.109768378651,780.484390735146,774.842900302115,778.436052366566,774.803625377643,779.909365558912,777.919436052367,777.392749244713,780.531722054381,790.210473313192,778.549848942598,778.254783484391,771.155085599194,770.835850956697,769.014098690836,775.274924471299,775.887210473313,777.269889224572,779.295065458207,785.702920443102,782.627391742195,783.065458207452,783.124874118832,785.730110775428,792.211480362538,781.628398791541,778.157099697885,784.445115810675,787.800604229607,780.486404833837,786.158106747231,787.350453172205
506.278598971722,459.017673521851,460.279562982005,461.442159383033,455.657776349614,459.936053984576,457.819730077121,459.406491002571,453.191838046272,455.633354755784,453.910025706941,454.956298200514,458.274742930591,457.813624678663,456.657455012853,459.59383033419,462.161953727506,460.94440874036,459.464652956298,462.256426735218,458.769280205656,461.375964010283,461.946336760925,457.810411311054,459.191195372751,459.185411311054,455.871143958869,458.541452442159,458.450514138817,458.408740359897,458.143637532134,457.540167095116,458.155848329049,460.426735218509,458.562017994859,461.280205655527,461.212724935733,455.303341902314,453.509640102828,451.150385604113,452.052699228792,456.367609254499,453.719473007712,453.349614395887,457.809447300771,457.478791773779,454.18059125964,457.951156812339,460.815552699229,455.859575835476,459.159383033419,455.895565552699,456.086118251928,455.345758354756,452.125642673522,455.277956298201,453.64942159383,456.559447300771,456.2985218509,456.807519280206
976.739281575898,883.685979142526,879.389339513326,876.308227114716,874.550405561993,875.538818076477,874.500579374276,867.05909617613,876.154113557358,867.74044032445,865.053302433372,873.056778679027,872.942062572422,878.655851680185,878.790266512167,876.872537659328,876.768250289687,879.958285052144,875.225955967555,878.711471610661,879.898030127462,879.292004634994,876.54808806489,872.493626882966,871.913093858633,872.415990730012,877.315179606025,867.275782155272,868.334878331402,866.143684820394,869.187717265353,871.638470451912,870.053302433372,876.669756662804,871.220162224797,877.293163383546,877.98493626883,869.25955967555,863.572421784473,867.289687137891,856.28157589803,861.614136732329,859.908458864426,866.035921205098,864.278099652375,871.917728852839,871.767091541136,872.223638470452,872.996523754345,874.917728852839,874.979142526072,872.852838933951,868.19235225956,866.982618771726,872.387022016222,865.736964078795,860.194669756663,861.179606025492,855.411355735805,861.574739281576
1020.36600719424,929.839028776978,925.616007194245,922.411870503597,920.514388489209,926.515287769784,923.724820143885,930.584532374101,920.654676258993,918.790467625899,911.862410071942,915.879496402878,917.768884892086,917.828237410072,922.367805755396,931.247302158273,925.165467625899,923.791366906475,922.880395683453,925.470323741007,929.507194244604,928.234712230216,926.443345323741,922.14118705036,925.07464028777,922.762589928058,923.967625899281,928.453237410072,924.113309352518,917.407374100719,915.24190647482,918.424460431655,926.210431654676,926.020683453237,921.245503597122,923.363309352518,924.847122302158,934.85071942446,924.484712230216,917.963129496403,908.821942446043,917.642985611511,911.597122302158,921.811151079137,920.339028776978,925.004496402878,925.380395683453,928.05845323741,927.536870503597,924.030575539568,925.973021582734,927.359712230216,926.845323741007,926.970323741007,926.956834532374,926.81654676259,922.370503597122,923.212230215827,917.724820143885,927.617805755396
475.173552085392,428.635896422218,426.75429926863,426.418857481716,424.284048230876,425.569480134414,424.419845819332,425.85906305594,427.039928839692,422.343941490413,420.898991895632,423.22059695592,423.615734334849,426.7659616525,425.627594386242,426.427159517691,429.647558806088,427.260130460565,423.955524807274,427.55208539237,427.326546748369,426.862423403835,424.690254991105,424.278908875272,423.653686499308,425.241945048429,424.403439414904,420.472030045464,422.916584305199,423.357382881992,420.137971931212,423.139750938921,422.98715161099,424.559596758253,422.813797193121,423.197667523226,423.814785530737,423.782961059498,420.508993872307,421.452658628187,415.816564538446,418.071357975885,417.183633129077,420.37438228899,420.610792646768,423.092113065823,420.98774461356,421.938525400277,421.82288989919,421.983000593003,423.196876853133,422.02510377545,420.561178098438,419.286024906108,420.034789484088,418.849772682348,416.97608222969,416.641035777822,414.652105159122,418.436449891283
361.658108795119,333.878749364514,333.899339095069,334.519572953737,332.749618708693,333.654295882054,333.402389425521,332.355871886121,331.434417895272,331.370869344179,329.166751398068,330.859938993391,332.815455007626,331.324351804779,332.399084900864,333.820284697509,332.814438230808,333.28546009151,333.410523640061,333.416115912557,334.049567869853,332.146415861718,332.275546517539,333.023131672598,331.986527707168,331.018301982715,332.967971530249,331.495170310117,331.665734621251,330.980427046263,330.111082867311,329.749110320285,332.431113370615,331.03660396543,331.571174377224,331.70233858668,331.740467717336,330.879766141332,330.160904931368,326.478901881037,326.994916115913,327.302745297407,327.754194204372,329.210726995425,329.415861718353,330.452719877987,329.366548042705,331.616420945602,331.092780884596,330.420183019827,331.555160142349,330.807066598882,331.738434163701,329.679715302491,328.769445856634,330.491611591256,330.169293340112,329.784697508897,329.231570920183,331.341382816472
848.333209922251,780.003702332469,772.910773787486,771.870048130322,763.967789707516,771.943724546464,770.561643835616,775.034061458719,769.306553128471,766.211032950759,749.835986671603,756.358015549796,761.511292114032,762.317660125879,767.241392077009,777.881895594224,773.787486116253,773.250277674935,767.122917437986,772.396890040726,779.302480562755,779.597186227323,774.010366530914,772.603850425768,768.100333209922,769.909292854498,768.667160310996,770.07034431692,770.700481303221,764.514994446501,756.848204368752,758.36727138097,769.359126249537,773.45575712699,764.979266938171,768.607552758238,768.817104776009,774.194372454646,766.754905590522,766.084413180304,747.50425768234,756.391336542021,750.666049611255,761.798963346909,764.977415771936,775.893002591633,770.878193261755,772.493150684931,771.122176971492,770.752313957793,772.065901517956,774.864864864865,773.01332839689,774.938541281007,774.097741577194,778.048870788597,766.064420584969,770.864864864865,761.877823028508,772.217697149204
395.880597014925,375.715174129353,374.649875621891,375.14552238806,372.814054726368,373.19092039801,373.80907960199,374.044776119403,374.248756218905,371.490049751244,369.929726368159,371.069651741294,372.000621890547,372.869402985075,373.338308457711,373.600746268657,375.496890547264,375.868781094527,375.214552238806,374.907960199005,375.717661691542,374.521144278607,374.373134328358,373.411691542289,372.723880597015,373.523009950249,373.899253731343,375.525497512438,374.301616915423,372.183457711443,370.483830845771,372.416044776119,373.934701492537,373.967661691542,372.834577114428,373.137437810945,373.577114427861,372.66355721393,374.338308457711,371.777985074627,368.516791044776,369.040422885572,369.340174129353,371.949626865672,372.260572139303,374.213930348259,374.246268656716,375.042288557214,374.837686567164,374.884950248756,376.304726368159,374.078980099502,375.044154228856,373.680348258706,372.430348258706,373.702736318408,372.179726368159,372.474502487562,371.753109452736,375.008084577114
734.092574734812,657.174541947927,653.648987463838,654.112825458052,650.68756027001,651.358727097396,650.636451301832,650.361620057859,650.506268081003,643.277724204436,643.791706846673,650.379942140791,650.187078109932,646.302796528447,650.23143683703,651.301832208293,649.115718418515,655.538090646094,651.658630665381,655.683702989392,658.777242044359,648.088717454195,652.111861137898,650.926711668274,646.790742526519,648.71456123433,654.450337512054,653.425265188042,649.333654773385,649.089681774349,645.007714561234,644.306653809065,648.049180327869,647.646094503375,646.992285438766,646.555448408872,648.227579556413,652.036644165863,644.578592092575,642.421407907425,638.390549662488,640.423336547734,642.371263259402,647.082931533269,646.867888138862,649.544840887175,648.212150433944,650.188042430087,651.151398264224,649.675988428158,651.716489874638,649.256509161041,650.179363548698,645.80231436837,642.237222757956,644.460945033751,643.957569913211,644.834136933462,643.199614271938,651.579556412729
916.582491582492,814.252525252525,809.596801346801,808.38468013468,804.444444444444,808.590067340067,804.825757575758,802.165824915825,806.117003367003,793.979797979798,790.792087542088,799.330808080808,802.585858585859,802.660774410774,805.911616161616,811.742424242424,809.491582491582,811.207070707071,805.982323232323,810.702861952862,811.909932659933,809.608585858586,810.5,804.978956228956,799.906565656566,805.319865319865,805.186868686869,793.069023569024,800.284511784512,799.591750841751,794.31734006734,793.320707070707,798.233164983165,805.81734006734,798.441077441077,804.837542087542,805.482323232323,798.36531986532,794.753367003367,794.799663299663,779.414983164983,785.667508417508,784.946127946128,795.270202020202,794.132996632997,802.107744107744,799.750841750842,802.781986531986,804.739057239057,801.212121212121,802.351851851852,802.224747474747,796.490740740741,796.808080808081,795.686868686869,795.293771043771,789.06734006734,794.348484848485,782.281144781145,793.731481481482
669.246420497362,657.977392614921,660.45139412208,658.57422758101,653.877920120573,658.336850037679,657.6284853052,659.821401657875,657.66013564431,655.818387339864,653.190655614167,652.926902788244,655.909570459684,656.323285606632,654.873398643557,655.313489073097,658.511680482291,658.513941220799,656.22004521477,657.91710625471,658.330067822155,653.322532027129,655.715146948003,656.668425018839,654.137905048983,652.535041446873,652.771665410701,656.762622456669,656.64581763376,653.114544084401,653.106254709872,655.372268274303,653.09721175584,656.450640542577,656.483798040693,655.331574981161,655.560663149962,662.761115297664,656.796533534288,654.244913338357,651.833458929917,651.264506405426,653.134890730972,655.717407686511,654.734740015072,656.542577241899,657.496608892238,659.856066314996,657.478522984175,654.459683496609,657.638281838734,658.617935192163,657.091936699322,656.423511680482,655.6857573474,656.585531273549,655.766390354182,658.308967596081,654.680482290882,660.690278824416
878.659635666347,807.380632790029,802.019175455417,800.500479386385,794.15723873442,796.774688398849,794.107382550336,800.982742090125,796.13518696069,787.65196548418,785.627037392138,787.604026845638,796.096836049856,795.560882070949,799.710450623202,794.790028763183,798.868648130393,802.41514860978,797.691275167785,800.976030680729,803.365292425695,794.635666347076,795.271332694152,793.437200383509,792.008628954938,793.794822627037,787.866730584851,800.762224352828,793.084372003835,787.744007670182,786.88782358581,790.012464046021,790.021093000959,792.926174496644,790.737296260786,795.108341323106,792.64046021093,801.383509108341,794.870565675935,785.186960690316,781.046979865772,782.107382550336,782.732502396932,789.265580057526,789.746883988495,793.124640460211,794.563758389262,799.459252157239,796.919463087248,794.740172579099,793.450623202301,792.712368168744,793.217641418984,789.363374880153,783.259827420901,789.366251198466,786.159156279962,787.85426653883,783.763183125599,791.927133269415
482.525390625,453.740885416667,451.598958333333,448.712239583333,452.294270833333,454.497395833333,452.51171875,457.992838541667,455.361979166667,446.28125,447.791666666667,450.990885416667,451.957682291667,450.587890625,453.677734375,454.690755208333,454.029296875,454.613932291667,451.098307291667,457.942057291667,456.787109375,454.556640625,454.311848958333,456.667317708333,452.977213541667,456.58984375,454.661458333333,452.4765625,453.8203125,453.83203125,450.600260416667,451.217447916667,454.209635416667,454.847005208333,454.567708333333,459.158203125,454.610026041667,461.645182291667,458.767578125,464.787760416667,453.662760416667,453.611328125,456.90234375,456.654947916667,456.916015625,457.909505208333,459.505859375,456.095052083333,457.935546875,456.048177083333,454.955078125,454.188151041667,452.130859375,453.690755208333,455.748046875,455.825520833333,449.603515625,455.149739583333,451.314453125,452.413411458333
852.213991769547,815.56927297668,816.260631001372,817.710562414266,810.699588477366,815.028806584362,813.76817558299,819.211248285322,813.267489711934,812.744855967078,808.646090534979,809.80658436214,813.565157750343,813.685871056241,813.737997256516,814.982167352538,817.026063100137,817.524005486968,814.595336076818,814.186556927298,815.289437585734,813.903978052126,813.576131687243,812.41975308642,816.031550068587,815.001371742112,812.740740740741,814.842249657064,817.01646090535,812.857338820302,812.071330589849,812.903978052126,815.093278463649,813.396433470508,812.886145404664,813.004115226337,814.345679012346,813.106995884774,814.0219478738,811.41426611797,808.327846364883,810.475994513032,808.842249657064,813.172839506173,812.120713305898,814.628257887517,812.194787379973,815.884773662551,816.710562414266,814.38134430727,814.499314128944,814.931412894376,816.235939643347,812.711934156379,809.087791495199,811.544581618656,811.993141289438,815.172839506173,811.954732510288,815.670781893004
425.674121405751,417.258785942492,415.41214057508,414.453674121406,411.162939297125,414.38338658147,413.744408945687,415.143769968051,416.376996805112,411.434504792332,408.345047923323,411.757188498403,411.709265175719,411.543130990415,412.741214057508,414.019169329073,412.297124600639,414.789137380192,409.41214057508,409.594249201278,413.808306709265,411.316293929712,412.361022364217,413.185303514377,410.038338658147,408.143769968051,410.277955271565,413.185303514377,408.581469648562,411.91054313099,408.894568690096,409.153354632588,407.865814696486,409.41214057508,409.153354632588,407,411.124600638978,413.348242811502,410.105431309904,406.766773162939,405.862619808307,404.05750798722,407.124600638978,405.169329073482,406.23642172524,409.594249201278,410.348242811502,412.837060702875,407.805111821086,410.268370607029,411.939297124601,411.26517571885,410.252396166134,408.907348242812,409.450479233227,411.85303514377,410.309904153355,409.769968051118,406.198083067093,410.626198083067
765.532894736842,702.751096491228,699.070175438596,696.72149122807,696.021929824561,697.345394736842,694.416666666667,702.371710526316,699.583333333333,695.922149122807,690.321271929825,692.850877192982,693.038377192982,693.65350877193,698.088815789474,696.294956140351,696.504385964912,697.695175438596,694.61951754386,693.547149122807,698.40350877193,695.330043859649,694.900219298246,698.577850877193,692.978070175439,690.299342105263,689.383771929825,701.430921052632,693.52850877193,693.760964912281,692.27850877193,692.96600877193,691.638157894737,692.694078947368,688.316885964912,692.834429824561,691.416666666667,703.053728070175,692.464912280702,695.991228070175,686.725877192982,687.168859649123,686.355263157895,689.921052631579,688.789473684211,690.990131578947,691.842105263158,697.183114035088,692.131578947368,696.127192982456,696.604166666667,698.811403508772,697.419956140351,699.814692982456,696.924342105263,697.90350877193,696.099780701754,696.232456140351,695.311403508772,700.649122807018
723.31096196868,675.914988814318,675.75615212528,673.601789709172,672.055928411633,673.199105145414,669.673378076063,684.771812080537,669.154362416107,663.295302013423,661.161073825503,662.950782997763,669.885906040268,670.642058165548,672.069351230425,675.41610738255,677.675615212528,674.666666666667,671.744966442953,676.668903803132,676.295302013423,671.592841163311,674.480984340045,672.413870246085,670.17225950783,661.521252796421,660.753914988814,668.548098434004,671.020134228188,665.729306487696,665.454138702461,664.313199105145,662.619686800895,670.982102908277,670.402684563758,671.170022371365,672.342281879195,679.333333333333,671.865771812081,670.472035794183,658.308724832215,665.089485458613,661.599552572707,668.494407158837,670.306487695749,672.800894854586,672.194630872483,677.65548098434,675.96196868009,671.38255033557,666.091722595078,666.23937360179,670.778523489933,667.31096196868,664.221476510067,668.351230425056,669.765100671141,665.004474272931,660.579418344519,668.935123042506
879.683839096683,826.128440366972,813.887085391673,811.768525052929,813.781227946366,814.615384615385,814.254057868737,818.076217360621,814.887085391673,800.928016937191,801.7932251235,811.946365561044,813.685250529287,815.160197600565,821.47918136909,816.949188426253,815.131968948483,821.097388849682,814.592095977417,824.306280875088,822.057868736768,821.937191249118,817.741002117149,820.014114326041,813.638673253352,822.163020465773,816.589273112209,820.582215949188,814.739590684545,814.494001411433,812.91390261115,815.225123500353,818.956951305575,819.278052223006,817.829216654905,823.576570218772,826.388143966126,813.916019760056,822.200423429781,817.381792519407,807.478475652788,813.152434721242,812.556104446013,817.254057868737,820.294989414255,823.376852505293,823.96894848271,821.254057868737,824.236414961186,824.366266760762,823.079745942131,818.904022582922,811.633027522936,816.799576570219,815.266760762174,820.773465067043,806.18630910374,814.995765702188,805.631616090332,807.99647141849
1037.97619047619,963.689342403628,953.143990929705,955.240362811791,954.844671201814,957.320861678005,954.365079365079,955.15306122449,956.321995464853,950.933106575964,945.671201814059,946.556689342404,954.952380952381,951.673469387755,959.602040816327,958.640589569161,953.403628117914,956.578231292517,953.722222222222,952.037414965986,964.119047619048,957.352607709751,959.52947845805,954.880952380952,953.326530612245,953.090702947846,951.922902494331,959.12358276644,949.172335600907,953.458049886621,951.091836734694,948.351473922903,950.521541950113,957.119047619048,950.426303854875,956.077097505669,954.946712018141,956.37641723356,954.459183673469,951.920634920635,943.386621315193,945.78798185941,944.293650793651,955.065759637188,951.938775510204,958.566893424036,956.235827664399,955.41156462585,957.056689342404,951.085034013605,952.540816326531,957.884353741497,951.081632653061,951.292517006803,952.820861678005,954.374149659864,942.705215419501,946.961451247166,942.97619047619,943.914965986395
577.534782608696,516.126086956522,510.625,511.719565217391,511.988043478261,512.061956521739,506.46847826087,519.719565217391,510.172826086957,512.698913043478,505.15,504.583695652174,505.711956521739,509.335869565217,513.289130434783,513.735869565217,510.445652173913,510.639130434783,511.155434782609,509.395652173913,508.002173913043,512.058695652174,511.529347826087,509.410869565217,509.903260869565,507.069565217391,503.296739130435,511.036956521739,509.026086956522,505.033695652174,507.629347826087,507.30652173913,508.857608695652,507.511956521739,504.094565217391,510.988043478261,508.785869565217,516.873913043478,508.683695652174,513.428260869565,499.729347826087,505.283695652174,499.575,503.758695652174,503.620652173913,506.136956521739,507.194565217391,512.110869565217,509.955434782609,511.326086956522,510.35652173913,509.59347826087,511.314130434783,514.240217391304,505.858695652174,510.678260869565,510.54347826087,507.455434782609,506.505434782609,511.594565217391
966.699592668024,892.789205702648,887.41649694501,886.993890020367,883.153767820774,884.743380855397,881.41649694501,887.414460285132,884.422606924644,879.073319755601,875.109979633401,876.605906313646,882.088594704684,882.245417515275,887.548879837067,885.170061099796,882.609979633401,887.790224032587,885.311608961303,884.715885947047,886.741344195519,884.658859470468,883.141547861507,880.55600814664,881.723014256619,879.024439918534,879.155804480652,887.641547861507,880.884928716904,876.312627291242,877.62932790224,879.08350305499,881.127291242363,878.09266802444,877.38900203666,880.936863543788,882.452138492872,886.364562118126,882.892057026477,875.093686354379,872.758655804481,873.867617107943,870.991853360489,877.982688391039,876.381873727088,879.12016293279,881.053971486762,885.78716904277,884.350305498982,880.538696537678,877.758655804481,879.005091649694,881.20366598778,876.337067209776,870.936863543788,876.493890020367,877.493890020367,875.716904276986,873.480651731161,882.141547861507
564.238021638331,517.721792890263,514.766615146832,513.054095826893,515.423493044822,515.336939721793,513.042503863988,528.330757341576,515.653013910356,514.462905718702,510.928129829985,512.113601236476,512.664605873261,512.836166924266,514.569551777434,515.499227202473,515.037094281298,515.289026275116,513.87171561051,516.136785162287,515.74343122102,514.724111282844,514.534775888717,515.004636785162,514.254250386399,512.775888717156,511.351622874807,513.808346213292,513.889489953632,511.066460587326,510.697836166924,511.914219474498,512.527820710974,513.02086553323,511.538639876352,513.386398763524,511.878670788253,523.362442040185,512.509273570325,517.798299845441,509.693199381762,510.377897990726,510.670788253478,511.501545595054,510.129057187017,512.738794435858,512.505409582689,515.849304482226,513.673879443586,514.159969088099,512.231066460587,513.319165378671,515.038639876352,514.270479134467,513.044049459042,513.148377125193,516.129829984544,514.285935085008,511.260432766615,516.380216383308
927.800304878049,830.952743902439,833.631097560976,833.210365853659,829.094512195122,832.080792682927,831.731707317073,839.408536585366,830.329268292683,835.975609756098,828.515243902439,828.268292682927,828.506097560976,830.875,830.556402439024,832.425304878049,834.295731707317,832.765243902439,831.894817073171,832.452743902439,833.530487804878,834.435975609756,832.004573170732,830.672256097561,831.176829268293,836.495426829268,833.721036585366,829.496951219512,833.59756097561,829.626524390244,831.278963414634,828.908536585366,837.743902439024,833.932926829268,833.265243902439,833.099085365854,834.342987804878,845.833841463415,831.544207317073,828.638719512195,829.192073170732,830.599085365854,831.582317073171,831.634146341463,831.873475609756,831.737804878049,832.208841463415,836.314024390244,830.850609756098,827.939024390244,828.983231707317,831.323170731707,830.693597560976,830.390243902439,830.184451219512,828.086890243902,834.310975609756,829.838414634146,824.798780487805,833.358231707317
598.135529608007,517.5329441201,519.609674728941,510.676814011676,513.229774812344,518.874478732277,514.970809007506,514.909924937448,514.666388657214,503.239366138449,511.708507089241,511.943703085905,513.47789824854,512.50542118432,509.426188490409,518.819432860717,518.311092577148,514.073394495413,511.258965804837,513.300250208507,516.184320266889,513.924520433695,518.964553794829,512.14553794829,510.108840700584,514.821934945788,513.262301918265,507.910758965805,515.776897414512,512.672643869892,507.922435362802,508.005004170142,513.020016680567,513.893661384487,512.505838198499,507.888657214345,513.58798999166,519.264804003336,508.104670558799,510.323185988324,499.128440366972,511.245204336947,508.905754795663,512.188907422852,513.173477898249,515.888240200167,517.21976647206,513.862385321101,511.779399499583,510.023769808173,513.263135946622,507.483319432861,504.612176814012,509.573811509591,504.117180984153,503.279399499583,512.419099249374,508.178899082569,499.300250208507,510.426605504587
1129.61353211009,936.128440366972,947.123279816514,940.629587155963,938.828555045872,940.845756880734,940.104357798165,948.498853211009,941.783256880734,939.185206422018,933.48623853211,934.955275229358,938.711582568807,939.264334862385,940.260894495413,942.943233944954,941.627866972477,942.79873853211,940.240252293578,940.096903669725,941.491399082569,942.421444954128,939.842889908257,940.975917431193,937.335435779817,936.244839449541,935.160550458716,940.13245412844,940.857798165138,935.549885321101,934.870986238532,933.32626146789,937.860665137615,938.981077981651,937.303899082569,939.970183486239,936.677752293578,950.394495412844,937.669151376147,935.497133027523,931.63130733945,929.700688073395,930.779243119266,935.24254587156,935.586582568807,938.075114678899,937.762614678899,943.459288990826,939.557339449541,942.518348623853,939.13876146789,941.674311926605,939.518922018349,939.648509174312,937.447247706422,939.405963302752,938.451834862385,939.409403669725,935.50630733945,942.971330275229
1198.88820638821,1038.88452088452,1039.22727272727,1037.65724815725,1034.94717444717,1036.9742014742,1036.30835380835,1039.77272727273,1035.77027027027,1040.61056511057,1034.14742014742,1032.95208845209,1036.11670761671,1035.3144963145,1037.65110565111,1037.92014742015,1037.93366093366,1040.06388206388,1037.97788697789,1038.41646191646,1036.02825552826,1037.22972972973,1037.86117936118,1038.41891891892,1036.49877149877,1035.30221130221,1034.40294840295,1036.9312039312,1039.66093366093,1035.79115479115,1039.27518427518,1034.90171990172,1038.15970515971,1036.69778869779,1036.58230958231,1037.88574938575,1037.91891891892,1030.97051597052,1036.87100737101,1034.99262899263,1035.09459459459,1033.17813267813,1033.02948402948,1032.6683046683,1035.36855036855,1036.04422604423,1033.28501228501,1037.77764127764,1036.33783783784,1038.14864864865,1033.97788697789,1034.7886977887,1033.84029484029,1037.37592137592,1029.27272727273,1035.63267813268,1031.16953316953,1032.46928746929,1033.45331695332,1032.41891891892
1094.54423292273,1018.04479283315,1013.44456886898,1009.72508398656,1007.12597984323,1010.68421052632,1011.36562150056,1014.97816349384,1008.95184770437,1004.18197088466,1000.35778275476,1007.42441209406,1008.36506159015,1008.52631578947,1010.36618141097,1012.30179171333,1013.90145576708,1012.55599104143,1010.6131019037,1011.48376259798,1016.94120940649,1012.91881298992,1011.6170212766,1011.93225083987,1008.05151175812,1004.19876819709,1011.57614781635,1014.89921612542,1008.81019036954,1006.73852183651,1001.91209406495,1006.6640537514,1010.72060470325,1010.8516237402,1010.40257558791,1010.00167973124,1013.81298992161,1015.47536394177,1013.49664053751,1000.84938409854,999.622060470325,1002.66629339306,1002.07166853303,1008.74860022396,1006.9843225084,1010.68980963046,1013.39585666293,1014.41321388578,1017.04647256439,1014.13885778275,1011.71444568869,1014.90929451288,1011.97984322508,1009.60414333707,1006.82922732363,1012.26763717805,1008.29619260918,1010.33874580067,1007.29563269877,1013.16125419933
641.056798623064,590.442340791738,585.893287435456,582.234079173838,582.573149741824,592.330464716007,594.230636833046,572.087779690189,578.769363166954,577.998278829604,579.010327022375,573.10843373494,576.779690189329,579.063683304647,584.056798623064,588.795180722892,593.008605851979,582.793459552496,585.838209982788,589.428571428571,591.953528399311,593.091222030981,590.277108433735,581.253012048193,581.471600688468,590.826161790017,587.750430292599,582.115318416523,589.485370051635,590.432013769363,587.134251290878,584.948364888124,586.693631669535,596.263339070568,584.87091222031,588.268502581756,593.325301204819,575.626506024096,594.423407917384,587.077452667814,582.590361445783,590.203098106713,577.910499139415,582.351118760757,589.247848537005,593.452667814114,591.605851979346,585.538726333907,590.406196213425,574.746987951807,565.643717728055,572.777969018933,563.392426850258,576.184165232358,564.358003442341,568.734939759036,559.323580034423,573.376936316695,557.037865748709,552.643717728055
818.568281938326,786.492133417244,786.325361862807,786.165512901196,781.729389553178,783.826305852738,781.867841409692,787.351793580869,781.406544996853,782.714285714286,774.776589049717,783.485210824418,781.624292007552,780.07300188798,780.574575204531,784.336060415356,783.969792322215,783.422907488987,783.470736312146,782.884203901825,784.777218376337,784.267463813719,781.117684078037,780.525487728131,780.288860918817,782.150409062303,789.771554436753,783.594713656388,780.394587791064,785.648206419131,774.444933920705,777.941472624292,783.626179987413,779.953429830082,781.697923222152,780.848332284456,781.059156702329,790.79295154185,780.46381371932,780.502202643172,777.303335431089,776.149779735683,774.375707992448,778.851478917558,779.320956576463,780.188168659534,780.911264946507,783.010698552549,783.260541220894,778.387035871617,778.614852108244,782.014474512272,781.225298930145,775.375707992448,778.900566393958,777.56073001888,776.422907488987,778.69540591567,777.164883574575,783.186280679673
552.375156054931,528.686641697878,525.17290886392,523.915106117353,523.356429463171,526.150436953808,524.981897627965,525.574906367041,522.868289637953,520.179151061174,519.503745318352,526.431335830212,524.486267166042,526.056803995006,526.945692883895,526.926966292135,525.734082397004,529.162297128589,526.255305867665,529.425717852684,527.978152309613,530.89138576779,526.044319600499,527.389513108614,523.822721598003,529.149812734082,528.750936329588,525.463171036205,525.67290886392,525.870162297129,525.199126092385,524.765293383271,530.116104868914,525.486891385768,526.752808988764,526.873283395755,526.93695380774,527.176654182272,526.604244694132,525.318352059925,524.501872659176,523.43570536829,524.895131086142,525.120474406991,526.464419475655,527.135455680399,527.164794007491,528.988139825218,529.302746566791,525.372034956305,524.564918851436,523.200374531835,525.268414481898,524.757178526841,523.031835205992,527.621722846442,524.333957553059,526.341448189763,524.667290886392,528.063670411985
753.189849857302,706.53840426852,701.897257724283,701.972825412582,699.661620548455,705.614592381189,704.073210075692,700.575009306366,698.569053232411,696.929147536915,690.916987219258,697.965752574761,700.910038466311,700.832361335153,702.614716466063,706.519791537412,705.887703188981,704.770070728378,700.67799975183,705.605410100509,708.36332051123,709.789800223353,706.313934731356,707.065020474004,702.656905323241,705.272986722919,702.884725152004,700.718947760268,701.934110931877,702.450428092816,699.293212557389,698.05633453282,703.349298920462,706.203995532945,703.310460354883,705.777267651073,705.509740662613,700.120114158084,700.908425362948,700.477850849981,690.714852959424,697.698349671175,694.086983496712,699.939446581462,703.199032137982,705.601811639161,704.277950117881,705.53505397692,706.799106588907,703.297555527981,703.695867973694,704.253381312818,701.403027670927,702.869338627621,701.738553170369,706.848368283906,698.356123588535,702.597220498821,695.369400670058,699.358357116267
891.751098096633,813.724743777452,803.395314787701,801.314787701318,803.161054172767,799.664714494876,798.339677891654,800.314787701318,803.994143484627,794.651537335286,788.796486090776,792.297218155198,797.677891654466,798.724743777452,803.023426061493,802.243045387994,795.998535871157,805.10541727672,794.442166910688,796.235724743777,803.475841874085,806.443631039532,790.639824304539,803.346998535871,791.816983894583,804.96046852123,795.333821376281,805.799414348463,787.783308931186,798.844802342606,791.468521229868,797.046852122987,801.311859443631,790.591508052709,793.430453879941,797.207906295754,805.046852122987,803.676427525622,794.456808199121,804.449487554905,781.360175695461,780.361639824305,781.093704245974,794.371888726208,789.153733528551,789.420204978038,796.130307467057,797.184480234261,797.202049780381,789.590043923865,781.178623718887,795.027818448023,791.860907759883,779.020497803807,788.937042459736,788.225475841874,775.954612005856,780.740849194729,780.351390922401,788.289897510981
721.141176470588,668.070588235294,665.178151260504,665.608403361345,666.270588235294,668.568067226891,666.159663865546,669.161344537815,664.033613445378,658.83025210084,657.300840336134,664.509243697479,664.127731092437,663.4,665.952941176471,669.426890756303,664.489075630252,667.403361344538,663.564705882353,664.744537815126,670.383193277311,669.132773109244,666.764705882353,664.618487394958,659.941176470588,664.04537815126,663.294117647059,659.166386554622,658.191596638655,666.44537815126,659.105882352941,653.351260504202,665.026890756303,663.176470588235,664.028571428571,665.268907563025,662.205042016807,663.435294117647,658.005042016807,659.564705882353,650.818487394958,650.710924369748,650.080672268908,659.90756302521,660.579831932773,661.043697478992,661.243697478992,660.805042016807,661.878991596639,652.080672268908,652.779831932773,658.206722689076,650.067226890756,646.282352941176,647.534453781513,652.475630252101,643.398319327731,648.957983193277,642.647058823529,649.831932773109
737.536312849162,699.349162011173,694.571229050279,694.780726256983,691.082402234637,691.075418994413,691.867318435754,697.103351955307,692.178770949721,687.761173184358,686.769553072626,687.196927374302,691.596368715084,692.752793296089,692.251396648045,696.343575418994,694.29748603352,696.614525139665,691.125698324022,693.649441340782,696.129888268156,692.895251396648,691.329608938547,691.526536312849,687.744413407821,688.247206703911,692.617318435754,695.805865921788,693.853351955307,687.840782122905,682.600558659218,688.970670391062,692.678770949721,689.832402234637,690.666201117318,690.245810055866,691.780726256983,695.920391061453,693.949720670391,685.191340782123,680.107541899441,681.909217877095,684.097765363128,688.424581005587,686.663407821229,689.870111731844,691.224860335196,694.709497206704,694.578212290503,693.949720670391,693.944134078212,693.185754189944,694.328212290503,691.240223463687,688.29469273743,692.263966480447,691.298882681564,691.27374301676,689.33938547486,695.667597765363
664.132731063238,618.853717859625,615.000694927033,615.629603891591,610.380472550382,614.781097984712,615.314107018763,612.678248783878,613.098332175122,609.845031271716,605.706393328701,610.857539958304,613.130298818624,615.146282140375,615.750868658791,614.954829742877,616.423558026407,618.514940931202,613.824530924253,618.695621959694,619.382209867964,616.794301598332,613.1553161918,612.389854065323,609.603891591383,614.394023627519,612.495830437804,608.102501737318,608.684503127172,608.879082696317,606.839819318972,609.346421125782,610.232453092425,612.748783877693,612.634120917304,614.740792216817,611.824183460737,611.442668519805,608.296038915914,606.313759555247,598.359277275886,604.15149409312,602.636900625434,607.932592077832,609.025017373176,610.01042390549,610.660180681028,611.159485753996,612.403057678944,610.438151494093,614.008686587908,614.644197359277,610.891938846421,612.444058373871,611.792564280751,614.038568450313,611.088255733148,613.573314801946,605.89958304378,611.704308547603
1159.69145802651,1071.01988217968,1066.33210603829,1062.11782032401,1058.86524300442,1068.92783505155,1068.47790868925,1065.64874815906,1062.36156111929,1056.30412371134,1052.37113402062,1056.81369661267,1062.13328424153,1062.63328424153,1062.99263622975,1068.18924889543,1069.89690721649,1066.96097201767,1060.46686303387,1066.39764359352,1069.13549337261,1069.74153166421,1068.78792341679,1063.90132547865,1060.71649484536,1060.30265095729,1063.88880706922,1061.17599410898,1063.9587628866,1062.60456553756,1056.42709867452,1056.56406480118,1060.0412371134,1068.99042709867,1062.53387334315,1065.029455081,1069.81369661267,1062.17746686303,1062.9322533137,1056.29602356406,1048.43078055965,1060.15684830633,1056.25110456554,1059.99189985272,1062.10014727541,1068.88954344624,1068.5913107511,1065.83652430044,1068.29013254786,1057.78718703976,1056.00368188513,1060.35935198822,1057.35051546392,1057.60751104566,1052.08468335788,1059.80117820324,1051.54197349043,1060.21796759941,1049.73637702504,1056.01399116348
584.047923322684,543.280009128252,542.337517115472,542.173208580557,538.30146052031,540.950935645824,539.823824737563,541.944089456869,538.984938384299,537.99703331812,534.822911912369,538.025559105431,538.531492469192,538.927430397079,539.709265175719,540.845960748517,542.216795983569,541.569831127339,540.657005933364,540.228662711091,542.173893199452,540.018028297581,539.974440894569,537.879735280694,537.83477863989,538.743724326791,538.132131446828,538.795070743953,537.886809675947,537.734367868553,536.128936558649,536.572341396623,539.379050661798,537.876083979918,539.384527612962,538.498858968508,539.194888178914,538.61821086262,536.828160657234,534.531264262894,531.57279780922,533.331355545413,532.514605203104,533.840255591054,534.687357371063,537.307850296668,538.020766773163,539.566408032862,539.469876768599,536.672523961661,539.061387494295,537.645367412141,536.898676403469,534.905750798722,534.470789593793,534.908032861707,533.409858512095,534.405294386125,532.02122318576,536.146280237335
582.545611015491,456.111876075732,447.790017211704,450.141135972461,450.306368330465,450.728055077453,447.177280550775,450.641996557659,440.012048192771,454.781411359725,442.421686746988,445.746987951807,448.456110154905,449.50430292599,453.576592082616,451.619621342513,448.271944922547,456.97934595525,453.454388984509,454.151462994836,448.881239242685,451.845094664372,450.896729776248,453.413080895009,452.523235800344,447.857142857143,445.648881239243,448.438898450947,452.399311531842,446.867469879518,454.022375215146,452.244406196213,452.612736660929,447.012048192771,447.953528399312,455.814113597246,451.913941480207,452.220309810671,457.194492254733,451.635111876076,455.135972461274,451.624784853701,450.323580034423,450.024096385542,455.213425129088,453.910499139415,451.430292598967,457.943201376936,456.077452667814,456.406196213425,447.95008605852,451.306368330465,454.302925989673,458.984509466437,447.481927710843,461.836488812392,453.678141135972,454.423407917384,455.631669535284,456.714285714286
861.151679674245,789.020020359688,784.841194435019,784.978282999661,782.769596199525,786.577197149644,786.244994910078,786.709535120462,781.693247370207,779.209704784527,774.264336613505,779.894129623346,783.24669155073,783.581608415338,785.708517136071,787.647438072616,785.953851374279,788.637258228707,785.450967085171,786.308788598575,790.447234475738,789.99966067187,787.068204954191,787.020020359688,784.297590770275,784.109602986088,785.884967763828,783.726162198846,783.704105870377,782.240244316254,780.311163895487,780.75296912114,782.133695283339,786.00033932813,785.081438751272,787.590770274856,786.594842212419,785.237869019342,783.086868001357,778.111978283,771.152358330506,775.92093654564,772.582287071598,779.767899558873,781.564302680692,784.912453342382,785.72989480828,786.888700373261,788.965049202579,783.903630810994,784.724465558195,785.691890057686,782.643366135053,780.923990498812,780.53919239905,782.825924669155,776.57312521208,779.100101798439,773.320325755005,777.994570749915
872.64560204953,827.605465414176,829.567036720752,828.002561912895,824.093082835184,826.147736976943,823.888129803587,829.756618274979,823.446626814688,823.542271562767,818.617421007686,824.462852263023,824.35781383433,825.396242527754,822.905209222886,824.745516652434,828.210076857387,825.858240819812,826.292912040991,824.562766865927,826.65926558497,822.795046968403,821.923996584116,821.766011955594,821.00853970965,820.477369769428,826.812980358668,824.776259607173,820.760888129804,823.582408198121,820.257899231426,822.420153714774,820.618274978651,822.485055508113,823.071733561059,821.637916310845,822.837745516652,824.738684884714,823.760888129804,819.549957301452,818.129803586678,817.34585824082,818.205807002562,819.832621690863,820.346712211785,821.923996584116,823.528608027327,825.326216908625,825.35952177626,821.610589239966,822.726729291204,823.414175918019,824.135781383433,818.067463706234,818.122117847993,818.338172502135,817.781383432963,820.256191289496,818.491033304868,821.633646456021
992.679572763685,914.795727636849,909.016021361816,909.643524699599,899.427236315087,906.990654205607,909.012016021362,908.594125500668,908.182910547397,902.77303070761,893.600801068091,899.865153538051,906.747663551402,903.668891855808,905.287049399199,909.783711615487,909.041388518024,909.895861148198,900.654205607477,910.85046728972,914.291054739653,912.176234979973,908.483311081442,911.37650200267,903.477970627503,909.631508678238,908.213618157543,913.747663551402,908.11481975968,906.045393858478,896.467289719626,899.663551401869,904.365821094793,909.49132176235,907.357810413885,907.635514018692,904.28170894526,916.488651535381,901.616822429907,903.700934579439,890.642189586115,896.194926568758,896.325767690254,904.164218958612,903.388518024032,914.638184245661,911.343124165554,914.611481975968,908.879839786382,907.575433911883,905.216288384513,911.340453938585,904.750333778371,906.706275033378,907.798397863818,912.165554072096,903.24699599466,907.675567423231,894.550066755674,903.325767690254
1053.43669527897,954.233905579399,957.037553648069,959.105150214592,949.357296137339,957.204935622318,956.033261802575,960.159871244635,956.886266094421,953.832618025751,944.844420600858,949.968884120172,952.778969957082,953.424892703863,955.682403433476,961.583690987124,953.158798283262,958.106223175966,952.048283261803,955.252145922747,961.045064377682,960.507510729614,957.24356223176,957.139484978541,951.706008583691,955.656652360515,953.302575107296,951.467811158798,954.894849785408,952.762875536481,946.192060085837,951.938841201717,956.987124463519,954.395922746781,951.576180257511,953.854077253219,952.732832618026,957.136266094421,955.682403433476,953.25321888412,945.423819742489,947.329399141631,943.99034334764,953.863733905579,952.210300429185,957.62660944206,958.047210300429,959.75643776824,956.198497854077,954.850858369099,956.06008583691,957.001072961373,957.475321888412,955.612660944206,956.56652360515,959.960300429185,951.472103004292,956.37982832618,949.37982832618,952.99034334764
953.666515220354,897.687414811449,897.308496138119,897.935938209905,892.311676510677,895.843707405725,895.241708314403,895.422080872331,891.909132212631,891.15129486597,883.777373920945,891.779645615629,892.532030895048,892.742844161745,895.428895956383,897.184915947297,898.240345297592,897.967741935484,893.174011812812,897.409359382099,899.528396183553,898.429804634257,896.200363471149,893.114947751022,893.13539300318,892.282598818719,892.092685143117,896.101317582917,892.931394820536,890.357564743299,887.253975465697,886.899591094957,889.946388005452,893.64697864607,888.712857791913,893.223534756929,890.52885052249,891.562925942753,887.977737392094,888.696047251249,879.330758746025,883.94956837801,881.945479327578,889.349386642435,890.636983189459,893.293502953203,891.286233530214,896.408450704225,895.495229441163,892.706951385734,893.290322580645,893.000454338937,892.985006815084,891.632439800091,889.970467969105,894.225806451613,886.695138573376,891.492503407542,886.858246251704,889.517946388005
928.777897574124,831.387061994609,828.790835579515,829.526684636119,824.901347708895,827.402156334232,825.573045822102,840.067385444744,828.767115902965,830.942857142857,814.841509433962,819.969811320755,821.684636118598,822.932075471698,824.043665768194,825.944474393531,827.581132075472,827.638814016173,823.598921832884,825.822102425876,829.150943396226,829.070619946092,823.995687331536,827.704043126685,826.338005390836,823.712668463612,823.730458221024,828.550943396226,824.488409703504,822.788140161725,817.233423180593,820.962264150943,823.323989218329,824.425876010782,822.014555256065,825.558490566038,823.511051212938,842.267924528302,826.853369272237,828.795148247978,816.467924528302,816.243665768194,815.719137466307,822.40539083558,824.91590296496,826.853908355795,828.044204851752,831.346091644205,826.766037735849,828.114285714286,823.948247978437,829.683557951482,833.077628032345,826.161185983828,825.967654986523,831.102964959569,830.883018867925,828.168733153639,826.281940700809,832.555795148248
805.951219512195,781.132555673383,777.391304347826,778.539766702015,774.519618239661,775.571580063627,776.29586426299,781.67868504772,776.954400848356,775.723223753977,769.24920466596,773.311770943796,773.887592788971,774.248144220573,775.83032873807,776.007423117709,776.9098621421,777.973488865323,775.469777306469,777.907741251326,776.922587486744,778.414634146341,777.603393425239,778.616118769883,776.777306468717,773.940615058325,775.682926829268,780.207847295864,778.716861081654,774.340402969247,774.366914103924,772.616118769883,775.178154825026,774.518557794274,774.574761399788,776.078472958643,774.72216330859,786.861081654295,777.569459172853,773.322375397667,769.440084835631,770.674443266172,770.905620360551,772.803817603393,776.308589607635,778.483563096501,776.686108165429,779.892895015907,778.88441145281,774.811240721103,773.35737009544,778.455991516437,777.925768822906,776.244962884412,777.176033934252,777.576882290562,779.040296924708,776.505832449629,773.3032873807,779.451749734889
505.761658031088,467.624179620035,464.279447322971,466.696027633851,460.534715025907,461.917443868739,459.843868739206,459.697754749568,459.678756476684,458.443523316062,453.928151986183,457.130224525043,461.824525043178,462.183765112263,464.416234887737,463.702590673575,465.631778929188,467.445941278066,464.974784110535,465.195164075993,464.599654576857,469.798618307427,466.39689119171,463.817962003454,463.597582037997,462.20829015544,459.863557858377,460.896027633851,461.585837651123,455.016925734024,458.427288428325,456.943696027634,459.862521588946,463.847668393782,459.915371329879,466.815889464594,464.679792746114,457.500863557858,461.445595854922,455.068739205527,452.560276338515,452.955094991364,452.223834196891,454.52677029361,458.606563039724,460.840069084629,458.79274611399,466.093264248705,466.178583765112,466.891882556131,463.919516407599,463.785146804836,463.445941278066,462.216925734024,455.496027633851,461.251468048359,456.93091537133,458.175129533679,457.882901554404,456.044214162349
1083.91352093342,958.802333562114,962.307481125601,960.948524365134,952.238846945779,962.646533973919,958.315030885381,951.148936170213,955.537405628003,954.542896362388,949.862045298559,953.024021962938,960.063143445436,957.329444063143,956.107069320522,959.098146877145,963.805765271105,960.68840082361,960.295813315031,956.566918325326,960.868908716541,959.570350034317,961.711736444749,956.015099519561,961.083733699382,964.671928620453,957.23472889499,946.490048043926,957.672614962251,950.475634866163,956.9615648593,951.593685655456,956.346602608099,961.829100892244,962.291008922443,962.850377487989,957.780370624571,946.881949210707,949.290322580645,941.971859986273,944.332189430336,949.356897735072,948.514756348662,955.498284145504,954.743994509266,955.015785861359,952.284145504461,959.943033630748,959.188743994509,953.547014413178,957.260123541524,958.339052848318,956.696636925189,953.246396705559,942.570350034317,953.317089910776,953.742621825669,953.118050789293,946.467398764585,951.525051475635
963.925710123816,881.469774217043,880.95994173343,876.989803350328,874.468317552804,880.857246904588,880.286234522942,883.951930080117,878.509832483613,875.006554989075,868.838310269483,873.774945375091,875.182811361981,874.654770575382,877.037873270211,883.625637290604,880.512017479971,877.696285506191,876.923525127458,881.369264384559,884.625637290604,883.200291332848,879.26292789512,879.09249817917,878.067734887108,879.479242534596,881.267297887837,879.805535324108,881.251274581209,875.002184996358,870.826656955572,874.641660597232,881.426074289876,881.002913328478,877.737800436999,879.107793153678,879.439912600146,886.069191551347,877.82884195193,874.183539694101,865.627093954843,872.135469774217,868.943918426803,876.787327021122,876.426802621996,878.978878368536,880.885651857247,883.103423160961,881.163874726875,880.607428987618,881.479242534596,884.063364894392,881.885651857247,882.423889293518,880.909686817189,881.560815731974,879.546249089585,881.82957028405,874.843408594319,882.774945375091
613.863205684959,556.024476904856,553.078168180024,554.684563758389,548.5394788788,551.895578365574,551.485984998026,552.110738255034,550.161271219897,548.00493485985,541.624950651401,546.168969601263,549.942360836952,548.545992893802,551.215752072641,550.825108566917,550.735096723253,554.566916699566,549.485984998026,552.01283063561,554.899526253454,550.816423213581,552.230556652191,552.130082905646,549.56316620608,555.349782866167,552.481839715752,547.310698776155,548.728385313857,546.316818002369,544.650611922621,541.116265298066,546.271417291749,550.41314646664,548.58784050533,551.129885511251,548.924595341492,544.815436241611,543.905842874062,545.007500986972,537.55823134623,542.194236083695,539.788787998421,544.785432293723,546.535728385314,549.038097118042,546.473549151204,549.218120805369,548.453020134228,547.702921437031,548.59080142124,548.580142123964,546.99703908409,545.153770232925,541.610935649428,546.053493880774,543.850769838137,544.305763916305,538.96150809317,542.800236873273
542.49884057971,502.064637681159,501.931304347826,500.716231884058,498.955652173913,500.01652173913,500.361449275362,502.546666666667,498.667246376812,496.763188405797,495.422028985507,497.886086956522,498.788115942029,498.440579710145,499.736231884058,500.430434782609,501.94115942029,500.555362318841,499.748695652174,499.669565217391,501.348985507246,500.12231884058,498.592753623188,497.646376811594,496.241449275362,496.680289855072,498.933623188406,497.012173913043,497.871014492754,498.211014492754,494.127246376812,498.651884057971,498.344637681159,498.008695652174,497.685507246377,497.695072463768,498.590724637681,499.139710144928,495.917971014493,492.307246376812,491.719710144928,492.073623188406,492.199710144928,495.111594202899,494.181449275362,495.615942028986,497.524057971014,498.25652173913,497.795072463768,497.09768115942,498.706086956522,499.501449275362,498.856231884058,496.938550724638,496.464347826087,496.703768115942,494.80347826087,495.43768115942,494.571884057971,497.43768115942
856.854730805989,786.745141764893,782.922586811086,782.135712010194,777.27237973877,782.82446639057,781.920038228735,784.581713921631,780.599235425295,779.560050971647,768.020070086015,771.983115641924,775.862695125836,776.209302325581,779.326537113731,786.191462249124,783.627906976744,783.242115323351,777.985982797069,782.198470850589,788.341828607837,788.507167887862,782.812360624403,784.088881809494,780.647658489965,782.931188276521,780.741956036954,782.53074227461,782.195603695444,778.54635234151,773.117234788149,774.202293724116,780.862376553042,785.25262822555,779.257088244664,780.910162472125,780.570563873845,785.199107996177,780.363172985027,780.698630136986,766.564829563555,772.610066900287,768.669958585537,778.321439949028,778.84740363173,784.846766486142,783.102899012424,784.226505256451,783.143994902835,783.655622809812,782.13698630137,785.108951895508,782.192417967506,784.221726664543,781.231283848359,787.359031538707,778.815227779548,781.825103536158,774.14845492195,780.03695444409
687.158020274299,623.383422778772,622.01252236136,621.044126416219,616.440071556351,618.066785927251,619.332737030411,621.984496124031,617.392963625522,616.025044722719,612.686940966011,615.837209302326,616.836612999404,616.672033392964,618.500298151461,619.424567680382,620.398926654741,622.294573643411,619.655336911151,622.159212880143,623.0190816935,618.884913536076,618.328562909958,619.342277877162,617.31007751938,618.964221824687,619.086463923673,624.824686940966,620.165175909362,618.225402504472,612.14549791294,618.128801431127,620.045319022063,618.165772212284,616.879546809779,617.163983303518,618.180679785331,616.222420989863,617.564102564103,613.37030411449,609.59809183065,610.935599284437,611.095408467501,618.197972570066,616.274299344067,616.654144305307,618.003577817531,618.558735837806,618.476446034586,619.852116875373,622.755515802027,619.882528324389,620.100178890877,617.166964818128,616.148479427549,618.130590339893,615.692307692308,615.79427549195,614.753726893262,619.302325581395
850.269141531322,764.850348027842,761.194895591647,760.337587006961,755.699535962877,756.501160092807,753.872389791183,759.822505800464,754.728538283063,749.083526682135,750.678654292343,755.244779582367,758.261020881671,758.399071925754,758.458236658933,762.692575406032,762.531322505801,760.544083526682,758.596287703016,761.7343387471,761.104408352668,760.88283062645,754.534802784223,754.167053364269,752.527842227378,755.505800464037,755.776102088167,760.487238979118,754.08120649652,754.704176334107,746.506960556845,753.967517401392,759.694895591647,754.419953596288,752.303944315545,753.164733178654,755.012761020882,751.139211136891,748.526682134571,746.750580046404,737.426914153132,740.856148491879,742.506960556845,751.341067285383,749.716937354988,748.664733178654,752.634570765661,753.967517401392,753.009280742459,754.819025522042,759.404872389791,759.433874709977,756.531322505801,749.235498839907,749.69837587007,750.046403712297,742.303944315545,743.747099767981,744.407192575406,753.345707656612
965.945395273024,858.792991035045,856.922575387123,855.773431132844,847.659331703342,853.254278728606,852.626731866341,857.21434392828,852.678891605542,847.431132844336,844.313773431133,850.291768541157,855.677261613692,853.153219233904,853.225753871231,855.234718826406,856.921760391198,859.473512632437,855.333333333333,859.812550937245,858.321108394458,854.169519152404,852.714751426243,852.484107579462,851.80521597392,856.164629176854,854.616136919315,850.687041564792,855.827220863896,852.976365118174,847.127954360228,852.171964140179,853.987775061125,855.708231458843,856.200488997555,855.19804400978,852.535452322738,854.519967400163,850.130399348003,845.775061124694,840.227383863081,841.609616951915,843.088834555827,854.502852485738,850.693561532192,851.0162999185,851.690301548492,853.618581907091,856.240423797881,854.137734311328,856.593317033415,860.444172779136,856.061124694377,852.573757131214,843.422982885086,853.878565607172,851.046454767726,854.145884270579,848.644661776691,854.897310513447
676.394578313253,659.334337349398,657.323042168675,657.057228915663,654.676204819277,658.265813253012,656.237198795181,660.634789156627,655.809487951807,655.985692771084,652.243222891566,656.577560240964,656.193524096386,657.307228915663,656.668674698795,658.142319277108,657.821536144578,659.761295180723,656.640813253012,657.810993975904,659.674698795181,657.490210843373,657.172439759036,657.340361445783,655.489457831325,656.159638554217,658.073795180723,657.737951807229,657.993975903614,657.46686746988,654.545180722892,655.6875,658.790662650602,657.19578313253,657.180722891566,658.639307228916,656.642319277108,662.417921686747,658.019578313253,655.886295180723,654.178463855422,654.606174698795,654.478915662651,656.810993975904,658.243222891566,658.676957831325,659.280873493976,659.872740963855,659.155873493976,658.44578313253,659.814006024096,659.827560240964,661.128765060241,660.811746987952,659.179969879518,662.161144578313,660.317771084337,663.161144578313,661.253012048193,664.174698795181
804.742319127849,740.09117938553,738.266600594648,731.600594648167,732.301288404361,731.516352824579,731.014866204163,735.910802775025,733.06739345887,727.650148662042,721.761149653122,732.500495540139,731.475718533201,728.555004955401,731.16650148662,735.747274529237,735.10307234886,733.428146679881,728.496531219029,731.050545094153,735.815659068385,734.238850346878,729.503468780971,731.658077304262,728.115956392468,731.213082259663,739.627353815659,735.600594648167,729.945490584737,734.989098116948,722.593657086224,726.898909811695,737.451932606541,730.594648166502,730.978196233895,731.250743310208,729.669970267592,736.838453914767,730.723488602577,726.372646184341,722.879088206145,721.591674925669,721.599603567889,725.718533201189,726.82556987116,726.710604558969,730.332011892963,730.938553022795,731.239841427156,731.343904856293,731.414271555996,734.248761149653,733.587710604559,726.523290386521,726.19028741328,728.437066402379,724.751238850347,726.017839444995,723.982160555005,729.655104063429
303.347427766032,285.121916842847,281.068357998591,280.675123326286,281.786469344609,286.261451726568,282.854827343199,289.130373502467,281.99859055673,275.136715997181,278.14799154334,278.31148696265,278.011275546159,278.76391825229,280.019732205779,284.54334038055,282.403100775194,281.474982381959,279.464411557435,279.553911205074,283.471458773784,280.977448907681,283.171247357294,285.053558844257,282.961240310078,281.062720225511,280.654686398872,277.859760394644,283.682875264271,281.837914023961,279.45806906272,278.875968992248,281.547568710359,284.131078224101,280.885130373502,279.391825229035,283.398167723749,290.493305144468,283.880197322058,281.815362931642,276.242424242424,281.53206483439,277.481324876674,283.672304439746,283.642706131078,283.581395348837,284.495419309373,283.841437632135,281.69978858351,284.029598308668,285.300916138125,287.017618040874,286.343904157858,286.784355179704,284.959830866808,286.837914023961,291.171952078929,289.461592670895,288.77378435518,289.77378435518
612.4925,589.125,588.5,588.6775,585.30875,587.21,587.23625,596.0425,592.055,590.30375,584.54625,588.62,589.49125,590.45375,589.5125,591.42125,590.26125,592.46125,589.74625,591.41625,590.76,591.62125,589.70375,589.5225,588.8575,590.82625,589.15875,587.30375,592.425,590.5275,586.67625,586.38,591.24375,591.00375,588.7625,591.2725,589.895,595.06375,597.65125,591.06625,587.465,585.98625,586.26375,589.06375,590.1825,593.1425,591.95875,593.27375,593.45375,589.1475,593.04375,591.29125,588.055,589.15875,588.53125,589.495,589.5375,591.50375,589.76875,590.2825
588.133819951338,551.564476885645,553.372262773723,542.995133819951,546.69099756691,551.238442822384,551.890510948905,554.182481751825,552.075425790754,536.379562043796,542.729927007299,549.206812652068,549.530413625304,546.878345498783,542.703163017032,550.30900243309,552.67396593674,547.586374695864,542.805352798053,547.669099756691,552.209245742092,549.69099756691,550.394160583942,550.990267639903,548.866180048662,551.335766423358,548.367396593674,543.783454987835,556.250608272506,555.265206812652,544.214111922141,545.951338199513,549.756690997567,556.776155717762,552.165450121655,548.406326034063,550.138686131387,562.956204379562,549.043795620438,552.807785888078,537.070559610706,550.153284671533,545.435523114355,553.644768856448,554.467153284672,554.182481751825,557.900243309002,554.574209245742,549.377128953771,556.839416058394,559.98296836983,566.973236009732,557.632603406326,560.98296836983,555.785888077859,556.518248175183,562.622871046229,567.43795620438,558.07299270073,562.9099756691
755.942628903413,707.936819172113,702.010893246187,701.607843137255,699.962962962963,702.245461147422,700.567175018155,706.443718228032,701.923747276688,697.461147421932,690.81626724764,693.728395061728,700.297748729121,702.40522875817,702.803921568627,706.092229484386,704.045751633987,705.938997821351,703.095134350036,701.882352941176,706.353667392883,706.741466957153,703.040668119099,703.769063180828,698.510530137981,700.164124909223,698.544662309368,700.348583877996,701.643427741467,701.668119099492,697.946259985476,695.705156136529,699.257080610022,703.680464778504,702.39941902687,702.960058097313,703.339869281046,698.018881626725,704.554103122731,697.300653594771,690.601307189542,693.277414669571,690.330428467683,696.273783587509,699.780682643428,702.452432824982,703.156136528686,704.58896151053,704.421205519245,703.925925925926,705.952069716776,704.483660130719,704.073347857662,703.479302832244,698.78431372549,705.981844589688,703.289034132171,703.828612926652,698.18082788671,701.026870007262
1025.90952006294,956.130605822187,944.271439811172,948.828481510622,939.918961447679,949.168371361133,948.763965381589,958.815106215578,950.667191188041,946.560975609756,932.820613690008,935.301337529504,947.007081038552,943.692368214005,949.393391030684,950.089693154996,955.581431943352,950.877261998426,945.926829268293,945.260424862313,956.3564122738,952.674272226593,953.164437450826,948.966955153423,943.018882769473,951.822974036192,940.664830841857,947.487804878049,949.530291109363,943.560975609756,945.537372147915,936.25885129819,937.739575137687,950.754523996853,945.147128245476,950.904012588513,946.512981904013,947.349331235248,951.106215578285,943.711250983478,937.33910306845,938.491738788356,936.679779701023,944.742722265932,945.285601888277,955.94256490952,949.702596380803,954.663257277734,955.518489378442,948.673485444532,949.313139260425,952.447678992919,947.249409913454,946.084972462628,938.848937844217,950.565696302124,942.811172305271,947.073170731707,934.41935483871,940.570416994493
436.765591397849,400.269892473118,398.943010752688,392.960215053763,393.220430107527,397.836559139785,396.297849462366,399.835483870968,398.901075268817,394.143010752688,390.477419354839,392.18064516129,391.756989247312,389.429032258065,392.193548387097,396.211827956989,396.335483870968,391.77311827957,389.398924731183,396.969892473118,396.70752688172,399.310752688172,395.961290322581,393.740860215054,390.922580645161,399.48064516129,393.35376344086,391.522580645161,395.270967741935,393,388.051612903226,389.521505376344,393.978494623656,395.481720430108,391.047311827957,390.922580645161,391.044086021505,404.364516129032,389.949462365591,401.190322580645,385.950537634409,389.078494623656,394.739784946237,390.560215053763,392.287096774194,393.658064516129,394.254838709677,392.864516129032,390.495698924731,395.179569892473,398.972043010753,398.703225806452,393.352688172043,399.421505376344,398.920430107527,393.665591397849,393.002150537634,394.517204301075,387.183870967742,393.775268817204
1014.39379243453,913.4694471387,913.936954413191,908.604267701261,906.810863239573,905.723569350145,903.376333656644,915.384093113482,904.90009699321,904.694471387003,897.37148399612,904.738118331717,905.653734238603,905.206595538312,907.558680892338,911.437439379243,908.581959262852,909.70417070805,906.808923375364,908.546071774976,909.017458777886,907.544131910766,903.936954413191,907.672162948594,904.693501454898,904.148399612027,910.41222114452,911.513094083414,906.791464597478,907.446168768186,897.734238603298,904.862269641125,910.935014548982,902.719689621727,904.383123181377,906.654704170708,904.955383123181,909.287099903007,907.239573229874,901.493695441319,896.046556741028,896.096993210475,894.369544131911,900.409311348206,900.715809893307,900.343355965082,903.388942774006,908.408341416101,909.928225024248,908.143549951503,903.313288069835,905.543161978661,903.398642095053,897.108632395732,891.637245392822,896.082444228904,894.923375363725,893.625606207566,893.160038797284,899.021338506305
272.412658227848,264.156962025316,263.979746835443,263.751898734177,261.379746835443,263.551898734177,264.296202531646,258.017721518987,263.59746835443,260.055696202532,258.293670886076,262.706329113924,259.159493670886,261.579746835443,259.043037974684,259.820253164557,262.445569620253,261.592405063291,260.663291139241,266.316455696203,263.916455696203,264.329113924051,260.341772151899,261.850632911392,258.916455696203,263.035443037975,263.645569620253,260.630379746835,255.860759493671,259.422784810127,255.741772151899,259.13164556962,259.994936708861,256.924050632911,259.146835443038,258.875949367089,257.762025316456,262.782278481013,257.539240506329,265.321518987342,255.853164556962,254.620253164557,255.718987341772,256.445569620253,256.53164556962,257.311392405063,257.974683544304,259.192405063291,258.235443037975,261.106329113924,265.121518987342,261.898734177215,262.787341772152,262.00253164557,261.572151898734,261.784810126582,260.584810126582,260.326582278481,257.80253164557,258.326582278481
723.194877505568,667.416481069042,667.769487750557,665.670378619154,665.672605790646,667.101336302895,664.476614699332,671.580178173719,664.395322939866,666.77728285078,660.093541202673,664.592427616927,661.582405345212,663.119153674833,664.168151447661,666.153674832962,665.760579064588,664.182628062361,664.101336302895,665.570155902004,663.486636971047,665.044543429844,663.763919821826,663.93429844098,663.749443207127,664.427616926503,663.65144766147,666.900890868597,662.949888641425,662.648106904232,661.910913140312,664.713808463252,665.041202672606,664.992204899777,663.047884187082,664.174832962138,663.213808463252,671.397550111359,661.458797327394,667.730512249443,658.430957683742,657.648106904232,658.708240534521,660.866369710468,661.212694877506,660.940979955457,662.466592427617,665.008908685969,662.966592427617,666.75723830735,667.93429844098,665.755011135857,666.84855233853,666.704899777283,664.604677060134,666.626948775056,666.069042316258,665.543429844098,663.179287305122,667.461024498886
422.0656167979,387.102362204724,385.080489938758,384.719160104987,383.018372703412,384.767279090114,384.571303587052,399.311461067367,385.306211723535,382.01312335958,379.121609798775,382.24321959755,381.325459317585,381.228346456693,383.511811023622,383.681539807524,383.967629046369,382.567804024497,381.371828521435,382.048993875766,384.534558180227,382.554680664917,383.447944006999,384.706911636046,381.872265966754,384.530183727034,382.547681539808,383.255468066492,383.974628171479,382.413823272091,380.867016622922,380.202974628171,382.964129483815,383.959755030621,381.241469816273,383.849518810149,381.201224846894,395.241469816273,382.829396325459,384.964129483815,379.11198600175,380.090988626422,379.288713910761,381.010498687664,380.701662292213,381.919510061242,384.23709536308,385.577427821522,383.058617672791,382.600174978128,385.997375328084,387.028871391076,390.278215223097,387.027121609799,387.306211723535,388.265091863517,389.225721784777,387.635170603675,387.359580052493,391.252843394576
795.724734042553,704.171542553191,705.896276595745,705.751329787234,703.827127659574,704.156914893617,704.982712765957,724.497340425532,708.553191489362,708.027925531915,705.772606382979,699.365691489362,705.635638297872,708.896276595745,704.275265957447,706.242021276596,708.226063829787,709.644946808511,708.267287234043,704.178191489362,708.936170212766,698.897606382979,707.162234042553,708.73670212766,708.035904255319,698.571808510638,698.469414893617,705.273936170213,712.514627659574,707.121010638298,706.417553191489,707.824468085106,701.851063829787,708.48670212766,711.139627659574,707.372340425532,708.001329787234,729.083776595745,715.063829787234,708.156914893617,708.414893617021,707.321808510638,702.13164893617,709.36170212766,710.17420212766,709.478723404255,712.400265957447,712.519946808511,710.917553191489,706.301861702128,706.602393617021,707.820478723404,709.910904255319,707.6875,709.587765957447,709.401595744681,711.602393617021,712.595744680851,711.514627659574,711.547872340426
525.837515425751,463.06828465652,462.366104483752,460.27478403949,457.360345536816,461.836692719046,460.665158371041,462.187988482106,459.515837104072,450.452488687783,457.31550802139,459.666392431098,461.999177293295,459.561497326203,459.158782394077,461.029617441382,463.512957630605,464.293294940354,459.039901275195,464.356232003291,464.905800082271,462.286301933361,463.363636363636,462.864253393665,457.765528589058,463.155902920609,461.944878650761,457.150966680378,462.870835047306,463.014397367339,459.212258329905,457.161661867544,461.284245166598,464.753187988482,463.641299876594,462.502262443439,461.406417112299,465.654874537227,460.58535582065,462.810366104484,457.051007815714,459.917729329494,463.540929658577,462.589880707528,465.781982723159,466.640888523241,464.509255450432,466.75606746195,464.053064582476,460.573837926779,464.201151789387,463.692307692308,461.82435211847,462.399012751954,463.296174413821,464.079391197038,463.983134512546,469.007815713698,461.498971616619,464.518305224188
1079.59586681975,928.309988518944,933.353042479908,930.905855338691,926.405855338691,929.838691159587,926.642365097589,936.837543053961,927.62456946039,929.989667049369,921.671641791045,924.286452353616,926.642939150402,926.586681974742,927.929391504018,932.862801377727,930.076923076923,930.90757749713,928.190585533869,929.621699196326,928.977611940299,932.551090700344,929.9598163031,930.001148105626,928.845005740528,928.630309988519,927.199196326062,930.936854190586,933.975315729047,928.119977037887,926.617680826636,924.440872560276,932.319747416762,930.276693455798,928.555683122847,931.936854190586,930.896670493685,939.261768082664,926.926521239954,928.188863375431,923.974167623421,922.02009184845,922.281859931114,924.07233065442,925.694029850746,927.913892078071,927.723880597015,933.638346727899,928.607347876005,932.259471871412,931.614236509759,934.334098737084,932.477037887486,931.603903559127,926.636050516648,931.285878300804,928.857060849598,928.482778415614,926.357634902411,931.927095292767
