"","l-caud","L-cinga","L-fmedc","l-operc","L-forbc","L-front","l-inffrontgop","l-inffrontgtri","l-juxlob","l-mfg","l-parcing","L-prefront","-subcall","l-sfg","l-ins","l-cun","l-calc","l-latocinf","L-ling","L-occfus","L-occp","L-ang","L-cingpost","L-latoccsup","L-postcent","L-precun","L-supparl","L-supmargga","L-supmarggp","l-lent","l-stg","l-itg","l-itgtempoc","l-amig","l-hip","l-mtgant","l-mtgpost","l-mtgtempoc","l-parhipc","l-plan","l-tfus","l-tofus","l-tempp","l-thal","l-caud","r-cinga","r-fmedc","r-operc","r-forbc","r-front","r-inffrontgop","r-inffrontgtri","r-juxlob","r-mfg","r-parcing","r-prefront","r-subcall","r-sfg","r-ins","r-cun","r-calc","r-latocinf","r-ling","r-occfus","r-occp","r-ang","r-cingpost","r-latoccsup","r-postcent","r-precun","r-supparl","r-smargant","r-smargpost","r-lent","r-stg","r-itg","r-itgtempoc","r-mtgant","r-mtgpost","r-mtgtempoc","r-parhipc","r-plan","r-amig","r-hip","r-tfus","r-tofus","r-tempp","r-thal"
"T004",798.285496183206,897.334179357022,561.475609756098,810.092148309706,539.263069139966,457.748735244519,712.298546895641,589.809906291834,710.699873896595,550.953759043724,892.554175293306,412.147343514734,572.031561461794,725.219090326714,836.166921898928,835.727121464226,937.392246294185,850.928319030793,827.865022712524,790.7583081571,461.442159383033,876.308227114716,922.411870503597,426.418857481716,334.519572953737,771.870048130322,375.14552238806,654.112825458052,808.38468013468,658.57422758101,800.500479386385,448.712239583333,817.710562414266,414.453674121406,696.72149122807,673.601789709172,811.768525052929,955.240362811791,511.719565217391,886.993890020367,513.054095826893,833.210365853659,510.676814011676,940.629587155963,1037.65724815725,1009.72508398656,582.234079173838,786.165512901196,523.915106117353,701.972825412582,801.314787701318,665.608403361345,694.780726256983,615.629603891591,1062.11782032401,542.173208580557,450.141135972461,784.978282999661,828.002561912895,909.643524699599,959.105150214592,897.935938209905,829.526684636119,778.539766702015,466.696027633851,960.948524365134,876.989803350328,554.684563758389,500.716231884058,782.135712010194,621.044126416219,760.337587006961,855.773431132844,657.057228915663,731.600594648167,280.675123326286,588.6775,542.995133819951,701.607843137255,948.828481510622,392.960215053763,908.604267701261,263.751898734177,665.670378619154,384.719160104987,705.751329787234,460.27478403949,930.905855338691
"T005",794.854961832061,894.598984771574,562.343495934959,805.935114503817,537.707700955593,455.040331646993,708.125495376486,583.373493975904,707.736443883985,549.336269267065,891.32022084196,410.320068832007,567.200996677741,725.779628443306,832.194486983155,827.620632279534,931.568985176739,841.840484603735,821.74561972745,785.431017119839,455.657776349614,874.550405561993,920.514388489209,424.284048230876,332.749618708693,763.967789707516,372.814054726368,650.68756027001,804.444444444444,653.877920120573,794.15723873442,452.294270833333,810.699588477366,411.162939297125,696.021929824561,672.055928411633,813.781227946366,954.844671201814,511.988043478261,883.153767820774,515.423493044822,829.094512195122,513.229774812344,938.828555045872,1034.94717444717,1007.12597984323,582.573149741824,781.729389553178,523.356429463171,699.661620548455,803.161054172767,666.270588235294,691.082402234637,610.380472550382,1058.86524300442,538.30146052031,450.306368330465,782.769596199525,824.093082835184,899.427236315087,949.357296137339,892.311676510677,824.901347708895,774.519618239661,460.534715025907,952.238846945779,874.468317552804,548.5394788788,498.955652173913,777.27237973877,616.440071556351,755.699535962877,847.659331703342,654.676204819277,732.301288404361,281.786469344609,585.30875,546.69099756691,699.962962962963,939.918961447679,393.220430107527,906.810863239573,261.379746835443,665.672605790646,383.018372703412,703.827127659574,457.360345536816,926.405855338691
"T006",797.254961832061,899.359560067682,567.441056910569,810.008724100327,541.75604272063,459.584598088814,710.409511228534,589.895582329317,708.929382093317,553.497326203209,895.169082125604,411.275758227576,569.599667774086,728.725176169122,832.487748851455,836.442595673877,936.669327251995,848.960625946492,823.906554185594,785.370594159114,459.936053984576,875.538818076477,926.515287769784,425.569480134414,333.654295882054,771.943724546464,373.19092039801,651.358727097396,808.590067340067,658.336850037679,796.774688398849,454.497395833333,815.028806584362,414.38338658147,697.345394736842,673.199105145414,814.615384615385,957.320861678005,512.061956521739,884.743380855397,515.336939721793,832.080792682927,518.874478732277,940.845756880734,1036.9742014742,1010.68421052632,592.330464716007,783.826305852738,526.150436953808,705.614592381189,799.664714494876,668.568067226891,691.075418994413,614.781097984712,1068.92783505155,540.950935645824,450.728055077453,786.577197149644,826.147736976943,906.990654205607,957.204935622318,895.843707405725,827.402156334232,775.571580063627,461.917443868739,962.646533973919,880.857246904588,551.895578365574,500.01652173913,782.82446639057,618.066785927251,756.501160092807,853.254278728606,658.265813253012,731.516352824579,286.261451726568,587.21,551.238442822384,702.245461147422,949.168371361133,397.836559139785,905.723569350145,263.551898734177,667.101336302895,384.767279090114,704.156914893617,461.836692719046,929.838691159587
"T007",797.563358778626,898.013536379019,568.526422764228,807.635768811341,536.496908375492,456.931422147274,709.675033025099,584.156626506024,708.820933165195,551.613085876062,893.868184955141,411.933964293396,570.681063122924,724.562459961563,831.875191424196,832.159733777038,935.27023945268,847.594649167087,825.229720960415,783.801611278953,457.819730077121,874.500579374276,923.724820143885,424.419845819332,333.402389425521,770.561643835616,373.80907960199,650.636451301832,804.825757575758,657.6284853052,794.107382550336,452.51171875,813.76817558299,413.744408945687,694.416666666667,669.673378076063,814.254057868737,954.365079365079,506.46847826087,881.41649694501,513.042503863988,831.731707317073,514.970809007506,940.104357798165,1036.30835380835,1011.36562150056,594.230636833046,781.867841409692,524.981897627965,704.073210075692,798.339677891654,666.159663865546,691.867318435754,615.314107018763,1068.47790868925,539.823824737563,447.177280550775,786.244994910078,823.888129803587,909.012016021362,956.033261802575,895.241708314403,825.573045822102,776.29586426299,459.843868739206,958.315030885381,880.286234522942,551.485984998026,500.361449275362,781.920038228735,619.332737030411,753.872389791183,852.626731866341,656.237198795181,731.014866204163,282.854827343199,587.23625,551.890510948905,700.567175018155,948.763965381589,396.297849462366,903.376333656644,264.296202531646,664.476614699332,384.571303587052,704.982712765957,460.665158371041,926.642365097589
"T008",798.019847328244,901.249576988156,558.313008130081,810.498909487459,539.934232715008,452.006745362563,712.414795244386,580.0093708166,712.803278688525,546.464296948726,895.55900621118,411.886427188643,569.794019933555,722.143818065343,836.894333843798,835.472545757072,940.645381984036,846.942453306411,833.264763140818,785.346424974824,459.406491002571,867.05909617613,930.584532374101,425.85906305594,332.355871886121,775.034061458719,374.044776119403,650.361620057859,802.165824915825,659.821401657875,800.982742090125,457.992838541667,819.211248285322,415.143769968051,702.371710526316,684.771812080537,818.076217360621,955.15306122449,519.719565217391,887.414460285132,528.330757341576,839.408536585366,514.909924937448,948.498853211009,1039.77272727273,1014.97816349384,572.087779690189,787.351793580869,525.574906367041,700.575009306366,800.314787701318,669.161344537815,697.103351955307,612.678248783878,1065.64874815906,541.944089456869,450.641996557659,786.709535120462,829.756618274979,908.594125500668,960.159871244635,895.422080872331,840.067385444744,781.67868504772,459.697754749568,951.148936170213,883.951930080117,552.110738255034,502.546666666667,784.581713921631,621.984496124031,759.822505800464,857.21434392828,660.634789156627,735.910802775025,289.130373502467,596.0425,554.182481751825,706.443718228032,958.815106215578,399.835483870968,915.384093113482,258.017721518987,671.580178173719,399.311461067367,724.497340425532,462.187988482106,936.837543053961
"T009",796.55572519084,894.786802030457,558.058943089431,807.29280261723,534.982012366498,452.58347386172,704.099075297226,580.005354752343,707.66078184111,547.869455803712,892.659765355418,410.560980856098,560.279069767442,720.066623959001,833.482388973966,833.311148086523,935.858608893957,841.610802624937,826.537313432836,782.067472306143,453.191838046272,876.154113557358,920.654676258993,427.039928839692,331.434417895272,769.306553128471,374.248756218905,650.506268081003,806.117003367003,657.66013564431,796.13518696069,455.361979166667,813.267489711934,416.376996805112,699.583333333333,669.154362416107,814.887085391673,956.321995464853,510.172826086957,884.422606924644,515.653013910356,830.329268292683,514.666388657214,941.783256880734,1035.77027027027,1008.95184770437,578.769363166954,781.406544996853,522.868289637953,698.569053232411,803.994143484627,664.033613445378,692.178770949721,613.098332175122,1062.36156111929,538.984938384299,440.012048192771,781.693247370207,823.446626814688,908.182910547397,956.886266094421,891.909132212631,828.767115902965,776.954400848356,459.678756476684,955.537405628003,878.509832483613,550.161271219897,498.667246376812,780.599235425295,617.392963625522,754.728538283063,852.678891605542,655.809487951807,733.06739345887,281.99859055673,592.055,552.075425790754,701.923747276688,950.667191188041,398.901075268817,904.90009699321,263.59746835443,664.395322939866,385.306211723535,708.553191489362,459.515837104072,927.62456946039
"T010",797.079389312977,892.247884940778,560.282520325203,804.937295528899,528.980888139404,450.104834176504,701.661822985469,574.757697456493,705.446406052963,543.639194715319,889.700483091787,408.511507851151,568.176079734219,718.747277386291,830.426493108729,822.988352745424,933.269099201824,844.676426047451,826.74367293965,787.472306143001,455.633354755784,867.74044032445,918.790467625899,422.343941490413,331.370869344179,766.211032950759,371.490049751244,643.277724204436,793.979797979798,655.818387339864,787.65196548418,446.28125,812.744855967078,411.434504792332,695.922149122807,663.295302013423,800.928016937191,950.933106575964,512.698913043478,879.073319755601,514.462905718702,835.975609756098,503.239366138449,939.185206422018,1040.61056511057,1004.18197088466,577.998278829604,782.714285714286,520.179151061174,696.929147536915,794.651537335286,658.83025210084,687.761173184358,609.845031271716,1056.30412371134,537.99703331812,454.781411359725,779.209704784527,823.542271562767,902.77303070761,953.832618025751,891.15129486597,830.942857142857,775.723223753977,458.443523316062,954.542896362388,875.006554989075,548.00493485985,496.763188405797,779.560050971647,616.025044722719,749.083526682135,847.431132844336,655.985692771084,727.650148662042,275.136715997181,590.30375,536.379562043796,697.461147421932,946.560975609756,394.143010752688,904.694471387003,260.055696202532,666.77728285078,382.01312335958,708.027925531915,450.452488687783,929.989667049369
"T011",790.832061068702,890.390862944162,555.731707317073,802.045801526718,528.843170320405,448.362001124227,701.420079260238,574.738955823293,704.520807061791,541.66278703995,885.965493443754,407.584856958486,560.297342192691,715.292440743113,826.549770290965,817.467554076539,923.630558722919,836.147905098435,813.231667748216,773.595166163142,453.910025706941,865.053302433372,911.862410071942,420.898991895632,329.166751398068,749.835986671603,369.929726368159,643.791706846673,790.792087542088,653.190655614167,785.627037392138,447.791666666667,808.646090534979,408.345047923323,690.321271929825,661.161073825503,801.7932251235,945.671201814059,505.15,875.109979633401,510.928129829985,828.515243902439,511.708507089241,933.48623853211,1034.14742014742,1000.35778275476,579.010327022375,774.776589049717,519.503745318352,690.916987219258,788.796486090776,657.300840336134,686.769553072626,605.706393328701,1052.37113402062,534.822911912369,442.421686746988,774.264336613505,818.617421007686,893.600801068091,944.844420600858,883.777373920945,814.841509433962,769.24920466596,453.928151986183,949.862045298559,868.838310269483,541.624950651401,495.422028985507,768.020070086015,612.686940966011,750.678654292343,844.313773431133,652.243222891566,721.761149653122,278.14799154334,584.54625,542.729927007299,690.81626724764,932.820613690008,390.477419354839,897.37148399612,258.293670886076,660.093541202673,379.121609798775,705.772606382979,457.31550802139,921.671641791045
"T012",792.900763358779,894.858714043993,559.973577235772,807.176117775354,529.663293985385,451.22287802136,703.416116248349,574.609103078983,708.459016393443,545.632274300094,890.431331953071,410.081092708109,566.347176079734,720.346252402306,827.151607963247,824.344425956739,932.12086659065,841.531044926805,818.940298507463,778.544813695871,454.956298200514,873.056778679027,915.879496402878,423.22059695592,330.859938993391,756.358015549796,371.069651741294,650.379942140791,799.330808080808,652.926902788244,787.604026845638,450.990885416667,809.80658436214,411.757188498403,692.850877192982,662.950782997763,811.946365561044,946.556689342404,504.583695652174,876.605906313646,512.113601236476,828.268292682927,511.943703085905,934.955275229358,1032.95208845209,1007.42441209406,573.10843373494,783.485210824418,526.431335830212,697.965752574761,792.297218155198,664.509243697479,687.196927374302,610.857539958304,1056.81369661267,538.025559105431,445.746987951807,779.894129623346,824.462852263023,899.865153538051,949.968884120172,891.779645615629,819.969811320755,773.311770943796,457.130224525043,953.024021962938,873.774945375091,546.168969601263,497.886086956522,771.983115641924,615.837209302326,755.244779582367,850.291768541157,656.577560240964,732.500495540139,278.31148696265,588.62,549.206812652068,693.728395061728,935.301337529504,392.18064516129,904.738118331717,262.706329113924,664.592427616927,382.24321959755,699.365691489362,459.666392431098,924.286452353616
"T013",797.161832061069,894.788494077834,562.65243902439,806.836968375136,534.630691399663,454.684654300169,706.188903566711,580.461847389558,709.128625472888,546.567474048443,890.993098688751,410.649817164982,571.18438538206,721.261691223575,829.947166921899,831.232945091514,932.106043329533,844.87834427057,818.584685269306,781.215508559919,458.274742930591,872.942062572422,917.768884892086,423.615734334849,332.815455007626,761.511292114032,372.000621890547,650.187078109932,802.585858585859,655.909570459684,796.096836049856,451.957682291667,813.565157750343,411.709265175719,693.038377192982,669.885906040268,813.685250529287,954.952380952381,505.711956521739,882.088594704684,512.664605873261,828.506097560976,513.47789824854,938.711582568807,1036.11670761671,1008.36506159015,576.779690189329,781.624292007552,524.486267166042,700.910038466311,797.677891654466,664.127731092437,691.596368715084,613.130298818624,1062.13328424153,538.531492469192,448.456110154905,783.24669155073,824.35781383433,906.747663551402,952.778969957082,892.532030895048,821.684636118598,773.887592788971,461.824525043178,960.063143445436,875.182811361981,549.942360836952,498.788115942029,775.862695125836,616.836612999404,758.261020881671,855.677261613692,656.193524096386,731.475718533201,278.011275546159,589.49125,549.530413625304,700.297748729121,947.007081038552,391.756989247312,905.653734238603,259.159493670886,661.582405345212,381.325459317585,705.635638297872,461.999177293295,926.642939150402
"T014",797.468702290076,894.593908629442,564.55081300813,808.039258451472,537.956155143339,455.569139966273,710.912813738441,583.219544846051,708.001261034048,546.035860333438,891.16011042098,410.648956764896,572.704318936877,721.000960922486,833.078101071976,828.692179700499,930.939566704675,844.464411913175,823.5048669695,780.727089627392,457.813624678663,878.655851680185,917.828237410072,426.7659616525,331.324351804779,762.317660125879,372.869402985075,646.302796528447,802.660774410774,656.323285606632,795.560882070949,450.587890625,813.685871056241,411.543130990415,693.65350877193,670.642058165548,815.160197600565,951.673469387755,509.335869565217,882.245417515275,512.836166924266,830.875,512.50542118432,939.264334862385,1035.3144963145,1008.52631578947,579.063683304647,780.07300188798,526.056803995006,700.832361335153,798.724743777452,663.4,692.752793296089,615.146282140375,1062.63328424153,538.927430397079,449.50430292599,783.581608415338,825.396242527754,903.668891855808,953.424892703863,892.742844161745,822.932075471698,774.248144220573,462.183765112263,957.329444063143,874.654770575382,548.545992893802,498.440579710145,776.209302325581,616.672033392964,758.399071925754,853.153219233904,657.307228915663,728.555004955401,278.76391825229,590.45375,546.878345498783,702.40522875817,943.692368214005,389.429032258065,905.206595538312,261.579746835443,663.119153674833,381.228346456693,708.896276595745,459.561497326203,926.586681974742
"T015",796.47786259542,895.228426395939,564.802845528455,807.682115594329,538.78527262507,456.615654862282,713.566710700132,584.364123159304,708.53972257251,548.867253853413,892.052449965493,411.477091847709,572.827242524917,726.255605381166,832.956355283308,828.996672212978,935.346636259977,842.6925795053,823.743024010383,785.354481369587,456.657455012853,878.790266512167,922.367805755396,425.627594386242,332.399084900864,767.241392077009,373.338308457711,650.23143683703,805.911616161616,654.873398643557,799.710450623202,453.677734375,813.737997256516,412.741214057508,698.088815789474,672.069351230425,821.47918136909,959.602040816327,513.289130434783,887.548879837067,514.569551777434,830.556402439024,509.426188490409,940.260894495413,1037.65110565111,1010.36618141097,584.056798623064,780.574575204531,526.945692883895,702.614716466063,803.023426061493,665.952941176471,692.251396648045,615.750868658791,1062.99263622975,539.709265175719,453.576592082616,785.708517136071,822.905209222886,905.287049399199,955.682403433476,895.428895956383,824.043665768194,775.83032873807,464.416234887737,956.107069320522,877.037873270211,551.215752072641,499.736231884058,779.326537113731,618.500298151461,758.458236658933,853.225753871231,656.668674698795,731.16650148662,280.019732205779,589.5125,542.703163017032,702.803921568627,949.393391030684,392.193548387097,907.558680892338,259.043037974684,664.168151447661,383.511811023622,704.275265957447,459.158782394077,927.929391504018
"T016",798.887022900763,900.260575296108,568.247967479675,808.179934569248,541.010118043845,457.518128161889,711.513870541612,581.528781793842,711.554854981085,553.395407360805,896.088336783989,412.733921273392,571.161129568106,729.74599615631,829.814701378254,836.319467554077,940.800456100342,848.804139323574,826.887735236859,785.27693856999,459.59383033419,876.872537659328,931.247302158273,426.427159517691,333.820284697509,777.881895594224,373.600746268657,651.301832208293,811.742424242424,655.313489073097,794.790028763183,454.690755208333,814.982167352538,414.019169329073,696.294956140351,675.41610738255,816.949188426253,958.640589569161,513.735869565217,885.170061099796,515.499227202473,832.425304878049,518.819432860717,942.943233944954,1037.92014742015,1012.30179171333,588.795180722892,784.336060415356,526.926966292135,706.519791537412,802.243045387994,669.426890756303,696.343575418994,614.954829742877,1068.18924889543,540.845960748517,451.619621342513,787.647438072616,824.745516652434,909.783711615487,961.583690987124,897.184915947297,825.944474393531,776.007423117709,463.702590673575,959.098146877145,883.625637290604,550.825108566917,500.430434782609,786.191462249124,619.424567680382,762.692575406032,855.234718826406,658.142319277108,735.747274529237,284.54334038055,591.42125,550.30900243309,706.092229484386,950.089693154996,396.211827956989,911.437439379243,259.820253164557,666.153674832962,383.681539807524,706.242021276596,461.029617441382,932.862801377727
"T017",796.671755725191,899.328257191201,568.516260162602,808.379498364231,541.329960652052,457.991006183249,708.974900924703,583.435073627845,710.542244640605,548.112928593897,894.416839199448,412.13959991396,568.606312292359,725.289878283152,831.089586523737,838.480865224626,934.039908779932,850.098939929329,826.906554185594,786.746223564955,462.161953727506,876.768250289687,925.165467625899,429.647558806088,332.814438230808,773.787486116253,375.496890547264,649.115718418515,809.491582491582,658.511680482291,798.868648130393,454.029296875,817.026063100137,412.297124600639,696.504385964912,677.675615212528,815.131968948483,953.403628117914,510.445652173913,882.609979633401,515.037094281298,834.295731707317,518.311092577148,941.627866972477,1037.93366093366,1013.90145576708,593.008605851979,783.969792322215,525.734082397004,705.887703188981,795.998535871157,664.489075630252,694.29748603352,616.423558026407,1069.89690721649,542.216795983569,448.271944922547,785.953851374279,828.210076857387,909.041388518024,953.158798283262,898.240345297592,827.581132075472,776.9098621421,465.631778929188,963.805765271105,880.512017479971,550.735096723253,501.94115942029,783.627906976744,620.398926654741,762.531322505801,856.921760391198,657.821536144578,735.10307234886,282.403100775194,590.26125,552.67396593674,704.045751633987,955.581431943352,396.335483870968,908.581959262852,262.445569620253,665.760579064588,383.967629046369,708.226063829787,463.512957630605,930.076923076923
"T018",801.135877862595,898.798646362098,568.59756097561,810.99945474373,541.713322091062,459.27107925801,713.208718626156,587.202141900937,711.253467843632,550.429065743945,893.11939268461,411.682082168208,578.511627906977,725.771941063421,835.136294027565,834.113144758735,935.718358038769,849.675416456335,827.423750811162,785.608257804632,460.94440874036,879.958285052144,923.791366906475,427.260130460565,333.28546009151,773.250277674935,375.868781094527,655.538090646094,811.207070707071,658.513941220799,802.41514860978,454.613932291667,817.524005486968,414.789137380192,697.695175438596,674.666666666667,821.097388849682,956.578231292517,510.639130434783,887.790224032587,515.289026275116,832.765243902439,514.073394495413,942.79873853211,1040.06388206388,1012.55599104143,582.793459552496,783.422907488987,529.162297128589,704.770070728378,805.10541727672,667.403361344538,696.614525139665,618.514940931202,1066.96097201767,541.569831127339,456.97934595525,788.637258228707,825.858240819812,909.895861148198,958.106223175966,897.967741935484,827.638814016173,777.973488865323,467.445941278066,960.68840082361,877.696285506191,554.566916699566,500.555362318841,783.242115323351,622.294573643411,760.544083526682,859.473512632437,659.761295180723,733.428146679881,281.474982381959,592.46125,547.586374695864,705.938997821351,950.877261998426,391.77311827957,909.70417070805,261.592405063291,664.182628062361,382.567804024497,709.644946808511,464.293294940354,930.90757749713
"T019",797.803053435115,898.060067681895,562.658536585366,809.251908396947,539.721753794266,457.626194491287,712.005284015852,586.194109772423,710.017654476671,549.817552689525,892.32022084196,411.490643149064,573.046511627907,723.711402946829,832.85528330781,829.930116472546,931.765108323831,847.973750630994,823.229720960415,785.133937562941,459.464652956298,875.225955967555,922.880395683453,423.955524807274,333.410523640061,767.122917437986,375.214552238806,651.658630665381,805.982323232323,656.22004521477,797.691275167785,451.098307291667,814.595336076818,409.41214057508,694.61951754386,671.744966442953,814.592095977417,953.722222222222,511.155434782609,885.311608961303,513.87171561051,831.894817073171,511.258965804837,940.240252293578,1037.97788697789,1010.6131019037,585.838209982788,783.470736312146,526.255305867665,700.67799975183,794.442166910688,663.564705882353,691.125698324022,613.824530924253,1060.46686303387,540.657005933364,453.454388984509,785.450967085171,826.292912040991,900.654205607477,952.048283261803,893.174011812812,823.598921832884,775.469777306469,464.974784110535,960.295813315031,876.923525127458,549.485984998026,499.748695652174,777.985982797069,619.655336911151,758.596287703016,855.333333333333,656.640813253012,728.496531219029,279.464411557435,589.74625,542.805352798053,703.095134350036,945.926829268293,389.398924731183,906.808923375364,260.663291139241,664.101336302895,381.371828521435,708.267287234043,459.039901275195,928.190585533869
"T020",800.116030534351,899.946700507614,564.388211382114,808.176663031625,533.818999437886,457.668212478921,713.264200792602,587.63453815261,710.247162673392,551.180559924505,894.67839889579,411.270165627017,572.654485049834,726.33536194747,831.989280245023,834.058236272879,935.66590649943,845.170116102978,824.941596365996,781.442094662639,462.256426735218,878.711471610661,925.470323741007,427.55208539237,333.416115912557,772.396890040726,374.907960199005,655.683702989392,810.702861952862,657.91710625471,800.976030680729,457.942057291667,814.186556927298,409.594249201278,693.547149122807,676.668903803132,824.306280875088,952.037414965986,509.395652173913,884.715885947047,516.136785162287,832.452743902439,513.300250208507,940.096903669725,1038.41646191646,1011.48376259798,589.428571428571,782.884203901825,529.425717852684,705.605410100509,796.235724743777,664.744537815126,693.649441340782,618.695621959694,1066.39764359352,540.228662711091,454.151462994836,786.308788598575,824.562766865927,910.85046728972,955.252145922747,897.409359382099,825.822102425876,777.907741251326,465.195164075993,956.566918325326,881.369264384559,552.01283063561,499.669565217391,782.198470850589,622.159212880143,761.7343387471,859.812550937245,657.810993975904,731.050545094153,279.553911205074,591.41625,547.669099756691,701.882352941176,945.260424862313,396.969892473118,908.546071774976,266.316455696203,665.570155902004,382.048993875766,704.178191489362,464.356232003291,929.621699196326
"T021",798.621374045802,899.403553299492,571.030487804878,810.767175572519,540.258010118044,458.08305227656,710.129458388375,584.958500669344,710.877679697352,552.391632588864,893.732919254658,413.057861905786,572.800664451827,729.904548366432,834.423430321593,836.742096505824,939.901938426454,849.591115598183,828.645684620376,788.33635448137,458.769280205656,879.898030127462,929.507194244604,427.326546748369,334.049567869853,779.302480562755,375.717661691542,658.777242044359,811.909932659933,658.330067822155,803.365292425695,456.787109375,815.289437585734,413.808306709265,698.40350877193,676.295302013423,822.057868736768,964.119047619048,508.002173913043,886.741344195519,515.74343122102,833.530487804878,516.184320266889,941.491399082569,1036.02825552826,1016.94120940649,591.953528399311,784.777218376337,527.978152309613,708.36332051123,803.475841874085,670.383193277311,696.129888268156,619.382209867964,1069.13549337261,542.173893199452,448.881239242685,790.447234475738,826.65926558497,914.291054739653,961.045064377682,899.528396183553,829.150943396226,776.922587486744,464.599654576857,960.868908716541,884.625637290604,554.899526253454,501.348985507246,788.341828607837,623.0190816935,761.104408352668,858.321108394458,659.674698795181,735.815659068385,283.471458773784,590.76,552.209245742092,706.353667392883,956.3564122738,396.70752688172,909.017458777886,263.916455696203,663.486636971047,384.534558180227,708.936170212766,464.905800082271,928.977611940299
"T022",798.24427480916,898.712351945854,568.605691056911,806.877317339149,535.297920179876,457.593591905565,705.660501981506,581.030789825971,710.147540983607,551.936458005662,893.505866114562,410.90449559045,572.031561461794,730.531069827034,830.094180704441,838.206322795341,939.345496009122,848.378596668349,830.384166125892,784.985901309164,461.375964010283,879.292004634994,928.234712230216,426.862423403835,332.146415861718,779.597186227323,374.521144278607,648.088717454195,809.608585858586,653.322532027129,794.635666347076,454.556640625,813.903978052126,411.316293929712,695.330043859649,671.592841163311,821.937191249118,957.352607709751,512.058695652174,884.658859470468,514.724111282844,834.435975609756,513.924520433695,942.421444954128,1037.22972972973,1012.91881298992,593.091222030981,784.267463813719,530.89138576779,709.789800223353,806.443631039532,669.132773109244,692.895251396648,616.794301598332,1069.74153166421,540.018028297581,451.845094664372,789.99966067187,822.795046968403,912.176234979973,960.507510729614,898.429804634257,829.070619946092,778.414634146341,469.798618307427,959.570350034317,883.200291332848,550.816423213581,500.12231884058,788.507167887862,618.884913536076,760.88283062645,854.169519152404,657.490210843373,734.238850346878,280.977448907681,591.62125,549.69099756691,706.741466957153,952.674272226593,399.310752688172,907.544131910766,264.329113924051,665.044543429844,382.554680664917,698.897606382979,462.286301933361,932.551090700344
"T023",797.453435114504,899.004230118443,567.951219512195,808.362595419847,542.186059584036,459.728358628443,709.457067371202,586.821954484605,707.441361916772,553.966656181189,894.326432022084,410.956549795655,571.652823920266,729.804292120436,829.950995405819,837.066555740433,939.144811858609,849.275113579001,826.312134977287,785.624370594159,461.946336760925,876.54808806489,926.443345323741,424.690254991105,332.275546517539,774.010366530914,374.373134328358,652.111861137898,810.5,655.715146948003,795.271332694152,454.311848958333,813.576131687243,412.361022364217,694.900219298246,674.480984340045,817.741002117149,959.52947845805,511.529347826087,883.141547861507,514.534775888717,832.004573170732,518.964553794829,939.842889908257,1037.86117936118,1011.6170212766,590.277108433735,781.117684078037,526.044319600499,706.313934731356,790.639824304539,666.764705882353,691.329608938547,613.1553161918,1068.78792341679,539.974440894569,450.896729776248,787.068204954191,821.923996584116,908.483311081442,957.24356223176,896.200363471149,823.995687331536,777.603393425239,466.39689119171,961.711736444749,879.26292789512,552.230556652191,498.592753623188,782.812360624403,618.328562909958,754.534802784223,852.714751426243,657.172439759036,729.503468780971,283.171247357294,589.70375,550.394160583942,703.040668119099,953.164437450826,395.961290322581,903.936954413191,260.341772151899,663.763919821826,383.447944006999,707.162234042553,463.363636363636,929.9598163031
"T024",797.451908396947,894.958544839256,563.10162601626,805.393129770992,538.657110736369,456.939151208544,707.532364597094,584.777777777778,708.249684741488,549.304812834225,890.815044858523,409.812862981286,573.951827242525,727.572709801409,829.226646248086,833.289517470882,936.403648802737,843.042907622413,826.436729396496,784.648539778449,457.810411311054,872.493626882966,922.14118705036,424.278908875272,333.023131672598,772.603850425768,373.411691542289,650.926711668274,804.978956228956,656.668425018839,793.437200383509,456.667317708333,812.41975308642,413.185303514377,698.577850877193,672.413870246085,820.014114326041,954.880952380952,509.410869565217,880.55600814664,515.004636785162,830.672256097561,512.14553794829,940.975917431193,1038.41891891892,1011.93225083987,581.253012048193,780.525487728131,527.389513108614,707.065020474004,803.346998535871,664.618487394958,691.526536312849,612.389854065323,1063.90132547865,537.879735280694,453.413080895009,787.020020359688,821.766011955594,911.37650200267,957.139484978541,893.114947751022,827.704043126685,778.616118769883,463.817962003454,956.015099519561,879.09249817917,552.130082905646,497.646376811594,784.088881809494,619.342277877162,754.167053364269,852.484107579462,657.340361445783,731.658077304262,285.053558844257,589.5225,550.990267639903,703.769063180828,948.966955153423,393.740860215054,907.672162948594,261.850632911392,663.93429844098,384.706911636046,708.73670212766,462.864253393665,930.001148105626
"T025",795.221374045802,894.34179357022,559.540650406504,806.149400218103,536.663856098932,456.235244519393,706.207397622193,585.164658634538,706.271122320303,549.472790185593,890.131124913734,408.865132286513,570.878737541528,725.469891095452,828.705206738132,831.106489184692,933.759407069555,846.536092882383,824.728098637249,785.074521651561,459.191195372751,871.913093858633,925.07464028777,423.653686499308,331.986527707168,768.100333209922,372.723880597015,646.790742526519,799.906565656566,654.137905048983,792.008628954938,452.977213541667,816.031550068587,410.038338658147,692.978070175439,670.17225950783,813.638673253352,953.326530612245,509.903260869565,881.723014256619,514.254250386399,831.176829268293,510.108840700584,937.335435779817,1036.49877149877,1008.05151175812,581.471600688468,780.288860918817,523.822721598003,702.656905323241,791.816983894583,659.941176470588,687.744413407821,609.603891591383,1060.71649484536,537.83477863989,452.523235800344,784.297590770275,821.00853970965,903.477970627503,951.706008583691,893.13539300318,826.338005390836,776.777306468717,463.597582037997,961.083733699382,878.067734887108,549.56316620608,496.241449275362,780.647658489965,617.31007751938,752.527842227378,851.80521597392,655.489457831325,728.115956392468,282.961240310078,588.8575,548.866180048662,698.510530137981,943.018882769473,390.922580645161,904.693501454898,258.916455696203,663.749443207127,381.872265966754,708.035904255319,457.765528589058,928.845005740528
"T026",795.422900763359,893.467005076142,564.709349593496,808.177208287895,531.150084317032,456.313378302417,702.216644649934,577.808567603748,706.051702395965,549.229946524064,889.113871635611,409.435147343515,567.867109634552,722.337283792441,826.183001531394,830.763727121464,934.984036488027,844.791014639071,826.152498377677,779.29003021148,459.185411311054,872.415990730012,922.762589928058,425.241945048429,331.018301982715,769.909292854498,373.523009950249,648.71456123433,805.319865319865,652.535041446873,793.794822627037,456.58984375,815.001371742112,408.143769968051,690.299342105263,661.521252796421,822.163020465773,953.090702947846,507.069565217391,879.024439918534,512.775888717156,836.495426829268,514.821934945788,936.244839449541,1035.30221130221,1004.19876819709,590.826161790017,782.150409062303,529.149812734082,705.272986722919,804.96046852123,664.04537815126,688.247206703911,614.394023627519,1060.30265095729,538.743724326791,447.857142857143,784.109602986088,820.477369769428,909.631508678238,955.656652360515,892.282598818719,823.712668463612,773.940615058325,462.20829015544,964.671928620453,879.479242534596,555.349782866167,496.680289855072,782.931188276521,618.964221824687,755.505800464037,856.164629176854,656.159638554217,731.213082259663,281.062720225511,590.82625,551.335766423358,700.164124909223,951.822974036192,399.48064516129,904.148399612027,263.035443037975,664.427616926503,384.530183727034,698.571808510638,463.155902920609,928.630309988519
"T027",793.865648854962,896.691201353638,565.595528455285,804.931842966194,532.322653175942,455.045250140528,705.752972258917,576.982597054886,708.698612862547,550.334381881095,890.587301587302,412.014411701441,568.176079734219,724.213965406791,828.211332312404,832.883527454243,934.809578107184,838.256436143362,824.060999351071,778.21752265861,455.871143958869,877.315179606025,923.967625899281,424.403439414904,332.967971530249,768.667160310996,373.899253731343,654.450337512054,805.186868686869,652.771665410701,787.866730584851,454.661458333333,812.740740740741,410.277955271565,689.383771929825,660.753914988814,816.589273112209,951.922902494331,503.296739130435,879.155804480652,511.351622874807,833.721036585366,513.262301918265,935.160550458716,1034.40294840295,1011.57614781635,587.750430292599,789.771554436753,528.750936329588,702.884725152004,795.333821376281,663.294117647059,692.617318435754,612.495830437804,1063.88880706922,538.132131446828,445.648881239243,785.884967763828,826.812980358668,908.213618157543,953.302575107296,892.092685143117,823.730458221024,775.682926829268,459.863557858377,957.23472889499,881.267297887837,552.481839715752,498.933623188406,780.741956036954,619.086463923673,755.776102088167,854.616136919315,658.073795180723,739.627353815659,280.654686398872,589.15875,548.367396593674,698.544662309368,940.664830841857,393.35376344086,910.41222114452,263.645569620253,663.65144766147,382.547681539808,698.469414893617,461.944878650761,927.199196326062
"T028",798.645801526718,898.261421319797,564.794715447154,808.266630316249,535.101180438449,456.496346261945,708.894319682959,580.9812583668,710.761664564943,543.459893048128,890.470669427191,411.517530651753,569.888704318937,722.354260089686,834.713629402757,835.633943427621,934.906499429875,838.599192327108,827.55613238157,784.776435045317,458.541452442159,867.275782155272,928.453237410072,420.472030045464,331.495170310117,770.07034431692,375.525497512438,653.425265188042,793.069023569024,656.762622456669,800.762224352828,452.4765625,814.842249657064,413.185303514377,701.430921052632,668.548098434004,820.582215949188,959.12358276644,511.036956521739,887.641547861507,513.808346213292,829.496951219512,507.910758965805,940.13245412844,1036.9312039312,1014.89921612542,582.115318416523,783.594713656388,525.463171036205,700.718947760268,805.799414348463,659.166386554622,695.805865921788,608.102501737318,1061.17599410898,538.795070743953,448.438898450947,783.726162198846,824.776259607173,913.747663551402,951.467811158798,896.101317582917,828.550943396226,780.207847295864,460.896027633851,946.490048043926,879.805535324108,547.310698776155,497.012173913043,782.53074227461,624.824686940966,760.487238979118,850.687041564792,657.737951807229,735.600594648167,277.859760394644,587.30375,543.783454987835,700.348583877996,947.487804878049,391.522580645161,911.513094083414,260.630379746835,666.900890868597,383.255468066492,705.273936170213,457.150966680378,930.936854190586
"T029",797.346564885496,896.787648054146,567.743902439024,807.019629225736,537.902192242833,455.56197301855,704.033025099075,579.91030789826,709.944514501892,546.871028625354,892.839199447895,408.820391482039,572.667774086379,721.679692504805,830.312404287902,832.758735440932,936.189281641961,843.991923271075,825.397793640493,781.109768378651,458.450514138817,868.334878331402,924.113309352518,422.916584305199,331.665734621251,770.700481303221,374.301616915423,649.333654773385,800.284511784512,656.64581763376,793.084372003835,453.8203125,817.01646090535,408.581469648562,693.52850877193,671.020134228188,814.739590684545,949.172335600907,509.026086956522,880.884928716904,513.889489953632,833.59756097561,515.776897414512,940.857798165138,1039.66093366093,1008.81019036954,589.485370051635,780.394587791064,525.67290886392,701.934110931877,787.783308931186,658.191596638655,693.853351955307,608.684503127172,1063.9587628866,537.886809675947,452.399311531842,783.704105870377,820.760888129804,908.11481975968,954.894849785408,892.931394820536,824.488409703504,778.716861081654,461.585837651123,957.672614962251,881.251274581209,548.728385313857,497.871014492754,782.195603695444,620.165175909362,754.08120649652,855.827220863896,657.993975903614,729.945490584737,283.682875264271,592.425,556.250608272506,701.643427741467,949.530291109363,395.270967741935,906.791464597478,255.860759493671,662.949888641425,383.974628171479,712.514627659574,462.870835047306,933.975315729047
"T030",794.758778625954,892.65820642978,568.973577235772,801.579062159215,536.362563237774,452.526700393479,705.808454425363,575.894243641232,705.523329129887,545.379364580057,890.24016563147,409.284362228436,570.621262458472,724.130044843049,828.509954058193,832.677204658902,932.847206385405,843.887935386169,820.632057105776,780.484390735146,458.408740359897,866.143684820394,917.407374100719,423.357382881992,330.980427046263,764.514994446501,372.183457711443,649.089681774349,799.591750841751,653.114544084401,787.744007670182,453.83203125,812.857338820302,411.91054313099,693.760964912281,665.729306487696,814.494001411433,953.458049886621,505.033695652174,876.312627291242,511.066460587326,829.626524390244,512.672643869892,935.549885321101,1035.79115479115,1006.73852183651,590.432013769363,785.648206419131,525.870162297129,702.450428092816,798.844802342606,666.44537815126,687.840782122905,608.879082696317,1062.60456553756,537.734367868553,446.867469879518,782.240244316254,823.582408198121,906.045393858478,952.762875536481,890.357564743299,822.788140161725,774.340402969247,455.016925734024,950.475634866163,875.002184996358,546.316818002369,498.211014492754,778.54635234151,618.225402504472,754.704176334107,852.976365118174,657.46686746988,734.989098116948,281.837914023961,590.5275,555.265206812652,701.668119099492,943.560975609756,393,907.446168768186,259.422784810127,662.648106904232,382.413823272091,707.121010638298,463.014397367339,928.119977037887
"T031",795.670229007634,889.88578680203,566.491869918699,803.923664122137,535.003372681282,455.020095559303,699.887714663144,579.661311914324,702.313997477932,544.517772884555,888.24154589372,407.279630027963,573.182724252492,719.719090326714,829.139356814701,820.63227953411,927.762827822121,839.036850075719,818.448410123297,774.842900302115,458.143637532134,869.187717265353,915.24190647482,420.137971931212,330.111082867311,756.848204368752,370.483830845771,645.007714561234,794.31734006734,653.106254709872,786.88782358581,450.600260416667,812.071330589849,408.894568690096,692.27850877193,665.454138702461,812.91390261115,951.091836734694,507.629347826087,877.62932790224,510.697836166924,831.278963414634,507.922435362802,934.870986238532,1039.27518427518,1001.91209406495,587.134251290878,774.444933920705,525.199126092385,699.293212557389,791.468521229868,659.105882352941,682.600558659218,606.839819318972,1056.42709867452,536.128936558649,454.022375215146,780.311163895487,820.257899231426,896.467289719626,946.192060085837,887.253975465697,817.233423180593,774.366914103924,458.427288428325,956.9615648593,870.826656955572,544.650611922621,494.127246376812,773.117234788149,612.14549791294,746.506960556845,847.127954360228,654.545180722892,722.593657086224,279.45806906272,586.67625,544.214111922141,697.946259985476,945.537372147915,388.051612903226,897.734238603298,255.741772151899,661.910913140312,380.867016622922,706.417553191489,459.212258329905,926.617680826636
"T032",793.807633587786,892.197123519459,562.128048780488,806.944929116685,533.40921866217,453.599634626194,707.034346103038,577.255689424364,707.239596469105,539.669078326518,887.934437543133,409.552376855238,573.602990033223,718.331197950032,832.509954058193,822.051580698835,929.038768529076,840.948006057547,819.284879948086,778.436052366566,457.540167095116,871.638470451912,918.424460431655,423.139750938921,329.749110320285,758.36727138097,372.416044776119,644.306653809065,793.320707070707,655.372268274303,790.012464046021,451.217447916667,812.903978052126,409.153354632588,692.96600877193,664.313199105145,815.225123500353,948.351473922903,507.30652173913,879.08350305499,511.914219474498,828.908536585366,508.005004170142,933.32626146789,1034.90171990172,1006.6640537514,584.948364888124,777.941472624292,524.765293383271,698.05633453282,797.046852122987,653.351260504202,688.970670391062,609.346421125782,1056.56406480118,536.572341396623,452.244406196213,780.75296912114,822.420153714774,899.663551401869,951.938841201717,886.899591094957,820.962264150943,772.616118769883,456.943696027634,951.593685655456,874.641660597232,541.116265298066,498.651884057971,774.202293724116,618.128801431127,753.967517401392,852.171964140179,655.6875,726.898909811695,278.875968992248,586.38,545.951338199513,695.705156136529,936.25885129819,389.521505376344,904.862269641125,259.13164556962,664.713808463252,380.202974628171,707.824468085106,457.161661867544,924.440872560276
"T033",797.250381679389,896.648054145516,565.567073170732,804.88985823337,532.155705452501,453.38813940416,702.417437252312,571.429718875502,709.846153846154,546.307014784523,891.080745341615,411.190793719079,570.564784053156,722.777706598334,826.781776416539,827.732113144759,937.33181299886,839.262998485613,825.886437378326,774.803625377643,458.155848329049,870.053302433372,926.210431654676,422.98715161099,332.431113370615,769.359126249537,373.934701492537,648.049180327869,798.233164983165,653.09721175584,790.021093000959,454.209635416667,815.093278463649,407.865814696486,691.638157894737,662.619686800895,818.956951305575,950.521541950113,508.857608695652,881.127291242363,512.527820710974,837.743902439024,513.020016680567,937.860665137615,1038.15970515971,1010.72060470325,586.693631669535,783.626179987413,530.116104868914,703.349298920462,801.311859443631,665.026890756303,692.678770949721,610.232453092425,1060.0412371134,539.379050661798,452.612736660929,782.133695283339,820.618274978651,904.365821094793,956.987124463519,889.946388005452,823.323989218329,775.178154825026,459.862521588946,956.346602608099,881.426074289876,546.271417291749,498.344637681159,780.862376553042,620.045319022063,759.694895591647,853.987775061125,658.790662650602,737.451932606541,281.547568710359,591.24375,549.756690997567,699.257080610022,937.739575137687,393.978494623656,910.935014548982,259.994936708861,665.041202672606,382.964129483815,701.851063829787,461.284245166598,932.319747416762
"T034",797.145038167939,898.041455160744,571.603658536585,806.923664122137,537.578976953345,457.364811691962,706.05284015852,578.004016064257,708.055485498108,549.77319911922,894.471359558316,410.496020649602,571.063122923588,725.987508007687,829.035222052067,837.587354409318,937.636259977195,844.570418980313,827.630759247242,779.909365558912,460.426735218509,876.669756662804,926.020683453237,424.559596758253,331.03660396543,773.45575712699,373.967661691542,647.646094503375,805.81734006734,656.450640542577,792.926174496644,454.847005208333,813.396433470508,409.41214057508,692.694078947368,670.982102908277,819.278052223006,957.119047619048,507.511956521739,878.09266802444,513.02086553323,833.932926829268,513.893661384487,938.981077981651,1036.69778869779,1010.8516237402,596.263339070568,779.953429830082,525.486891385768,706.203995532945,790.591508052709,663.176470588235,689.832402234637,612.748783877693,1068.99042709867,537.876083979918,447.012048192771,786.00033932813,822.485055508113,909.49132176235,954.395922746781,893.64697864607,824.425876010782,774.518557794274,463.847668393782,961.829100892244,881.002913328478,550.41314646664,498.008695652174,785.25262822555,618.165772212284,754.419953596288,855.708231458843,657.19578313253,730.594648166502,284.131078224101,591.00375,556.776155717762,703.680464778504,950.754523996853,395.481720430108,902.719689621727,256.924050632911,664.992204899777,383.959755030621,708.48670212766,464.753187988482,930.276693455798
"T035",797.068702290076,896.235194585448,563.353658536585,808.516902944384,536.394041596402,454.409359190556,706.496697490093,575.329317269076,708.53341740227,546.490720352312,891.663906142167,410.205205420521,573.910299003322,722.233824471493,831.243491577335,832.114808652246,934.18244013683,841.342251388188,821.628163530175,777.919436052367,458.562017994859,871.220162224797,921.245503597122,422.813797193121,331.571174377224,764.979266938171,372.834577114428,646.992285438766,798.441077441077,656.483798040693,790.737296260786,454.567708333333,812.886145404664,409.153354632588,688.316885964912,670.402684563758,817.829216654905,950.426303854875,504.094565217391,877.38900203666,511.538639876352,833.265243902439,512.505838198499,937.303899082569,1036.58230958231,1010.40257558791,584.87091222031,781.697923222152,526.752808988764,703.310460354883,793.430453879941,664.028571428571,690.666201117318,612.634120917304,1062.53387334315,539.384527612962,447.953528399312,785.081438751272,823.071733561059,907.357810413885,951.576180257511,888.712857791913,822.014555256065,774.574761399788,459.915371329879,962.291008922443,877.737800436999,548.58784050533,497.685507246377,779.257088244664,616.879546809779,752.303944315545,856.200488997555,657.180722891566,730.978196233895,280.885130373502,588.7625,552.165450121655,702.39941902687,945.147128245476,391.047311827957,904.383123181377,259.146835443038,663.047884187082,381.241469816273,711.139627659574,463.641299876594,928.555683122847
"T036",799.311450381679,895.27834179357,566.684959349593,808.835877862595,537.665542439573,458.189853850478,709.130779392338,582.601070950469,708.387137452711,549.057879836427,891.187025534852,410.636050763605,575.707641196013,726.411915438821,832.360643185299,834.956738768719,935.996579247434,841.018172640081,826.422452952628,777.392749244713,461.280205655527,877.293163383546,923.363309352518,423.197667523226,331.70233858668,768.607552758238,373.137437810945,646.555448408872,804.837542087542,655.331574981161,795.108341323106,459.158203125,813.004115226337,407,692.834429824561,671.170022371365,823.576570218772,956.077097505669,510.988043478261,880.936863543788,513.386398763524,833.099085365854,507.888657214345,939.970183486239,1037.88574938575,1010.00167973124,588.268502581756,780.848332284456,526.873283395755,705.777267651073,797.207906295754,665.268907563025,690.245810055866,614.740792216817,1065.029455081,538.498858968508,455.814113597246,787.590770274856,821.637916310845,907.635514018692,953.854077253219,893.223534756929,825.558490566038,776.078472958643,466.815889464594,962.850377487989,879.107793153678,551.129885511251,497.695072463768,780.910162472125,617.163983303518,753.164733178654,855.19804400978,658.639307228916,731.250743310208,279.391825229035,591.2725,548.406326034063,702.960058097313,950.904012588513,390.922580645161,906.654704170708,258.875949367089,664.174832962138,383.849518810149,707.372340425532,462.502262443439,931.936854190586
"T037",797.27786259542,899.082910321489,569.107723577236,807.249182115594,541.402473299607,459.566750983699,706.221928665786,581.536813922356,709.760403530895,550.111670336584,895.412698412698,410.443966444397,574.46511627907,727.128122998078,831.046707503828,830.978369384359,936.381984036488,841.375567895003,826.589227774173,780.531722054381,461.212724935733,877.98493626883,924.847122302158,423.814785530737,331.740467717336,768.817104776009,373.577114427861,648.227579556413,805.482323232323,655.560663149962,792.64046021093,454.610026041667,814.345679012346,411.124600638978,691.416666666667,672.342281879195,826.388143966126,954.946712018141,508.785869565217,882.452138492872,511.878670788253,834.342987804878,513.58798999166,936.677752293578,1037.91891891892,1013.81298992161,593.325301204819,781.059156702329,526.93695380774,705.509740662613,805.046852122987,662.205042016807,691.780726256983,611.824183460737,1069.81369661267,539.194888178914,451.913941480207,786.594842212419,822.837745516652,904.28170894526,952.732832618026,890.52885052249,823.511051212938,774.72216330859,464.679792746114,957.780370624571,879.439912600146,548.924595341492,498.590724637681,780.570563873845,618.180679785331,755.012761020882,852.535452322738,656.642319277108,729.669970267592,283.398167723749,589.895,550.138686131387,703.339869281046,946.512981904013,391.044086021505,904.955383123181,257.762025316456,663.213808463252,381.201224846894,708.001329787234,461.406417112299,930.896670493685
"T038",800.523664122137,903.603214890017,561.904471544715,818.563794983642,540.301292861158,453.193226531759,713.184940554822,567.473895582329,714.518284993695,544.795533186537,896.632160110421,410.116369111637,570.830564784053,719.984945547726,835.695252679939,836.217970049917,942.15393386545,845.485108531045,835.996755353666,790.210473313192,455.303341902314,869.25955967555,934.85071942446,423.782961059498,330.879766141332,774.194372454646,372.66355721393,652.036644165863,798.36531986532,662.761115297664,801.383509108341,461.645182291667,813.106995884774,413.348242811502,703.053728070175,679.333333333333,813.916019760056,956.37641723356,516.873913043478,886.364562118126,523.362442040185,845.833841463415,519.264804003336,950.394495412844,1030.97051597052,1015.47536394177,575.626506024096,790.79295154185,527.176654182272,700.120114158084,803.676427525622,663.435294117647,695.920391061453,611.442668519805,1062.17746686303,538.61821086262,452.220309810671,785.237869019342,824.738684884714,916.488651535381,957.136266094421,891.562925942753,842.267924528302,786.861081654295,457.500863557858,946.881949210707,886.069191551347,544.815436241611,499.139710144928,785.199107996177,616.222420989863,751.139211136891,854.519967400163,662.417921686747,736.838453914767,290.493305144468,595.06375,562.956204379562,698.018881626725,947.349331235248,404.364516129032,909.287099903007,262.782278481013,671.397550111359,395.241469816273,729.083776595745,465.654874537227,939.261768082664
"T039",798.17251908397,897.642978003384,571.626016260163,807.992911668484,537.535132096684,454.990725126476,703.86393659181,574.942436412316,708.820933165195,542.761560239069,891.937198067633,409.181759518176,576.35049833887,721.327674567585,831.508422664625,825.324459234609,934.751425313569,839.516405855628,825.216742375081,778.549848942598,453.509640102828,863.572421784473,924.484712230216,420.508993872307,330.160904931368,766.754905590522,374.338308457711,644.578592092575,794.753367003367,656.796533534288,794.870565675935,458.767578125,814.0219478738,410.105431309904,692.464912280702,671.865771812081,822.200423429781,954.459183673469,508.683695652174,882.892057026477,512.509273570325,831.544207317073,508.104670558799,937.669151376147,1036.87100737101,1013.49664053751,594.423407917384,780.46381371932,526.604244694132,700.908425362948,794.456808199121,658.005042016807,693.949720670391,608.296038915914,1062.9322533137,536.828160657234,457.194492254733,783.086868001357,823.760888129804,901.616822429907,955.682403433476,887.977737392094,826.853369272237,777.569459172853,461.445595854922,949.290322580645,877.82884195193,543.905842874062,495.917971014493,780.363172985027,617.564102564103,748.526682134571,850.130399348003,658.019578313253,730.723488602577,283.880197322058,597.65125,549.043795620438,704.554103122731,951.106215578285,389.949462365591,907.239573229874,257.539240506329,661.458797327394,382.829396325459,715.063829787234,460.58535582065,926.926521239954
"T040",797.103816793893,888.955160744501,558.869918699187,806.261177753544,527.001686340641,450.988195615514,702.517833553501,572.171352074967,703.718789407314,540.65869770368,888.91856452726,406.023445902345,568.305647840532,718.668802049968,826.733537519142,825.098169717138,933.204104903079,834.380111055023,826.057754704737,778.254783484391,451.150385604113,867.289687137891,917.963129496403,421.452658628187,326.478901881037,766.084413180304,371.777985074627,642.421407907425,794.799663299663,654.244913338357,785.186960690316,464.787760416667,811.41426611797,406.766773162939,695.991228070175,670.472035794183,817.381792519407,951.920634920635,513.428260869565,875.093686354379,517.798299845441,828.638719512195,510.323185988324,935.497133027523,1034.99262899263,1000.84938409854,587.077452667814,780.502202643172,525.318352059925,700.477850849981,804.449487554905,659.564705882353,685.191340782123,606.313759555247,1056.29602356406,534.531264262894,451.635111876076,778.111978283,819.549957301452,903.700934579439,953.25321888412,888.696047251249,828.795148247978,773.322375397667,455.068739205527,941.971859986273,874.183539694101,545.007500986972,492.307246376812,780.698630136986,613.37030411449,746.750580046404,845.775061124694,655.886295180723,726.372646184341,281.815362931642,591.06625,552.807785888078,697.300653594771,943.711250983478,401.190322580645,901.493695441319,265.321518987342,667.730512249443,384.964129483815,708.156914893617,462.810366104484,928.188863375431
"T041",792.476335877863,888.78510998308,560.483739837398,802.868593238822,529.539629005059,448.467678471051,696.849405548217,566.796519410977,702.923076923077,534.874803397295,886.091787439614,404.574532157453,573.667774086379,711.024983984625,824.203675344564,812.515806988353,926.521094640821,828.522463402322,816.321219987021,771.155085599194,452.052699228792,856.28157589803,908.821942446043,415.816564538446,326.994916115913,747.50425768234,368.516791044776,638.390549662488,779.414983164983,651.833458929917,781.046979865772,453.662760416667,808.327846364883,405.862619808307,686.725877192982,658.308724832215,807.478475652788,943.386621315193,499.729347826087,872.758655804481,509.693199381762,829.192073170732,499.128440366972,931.63130733945,1035.09459459459,999.622060470325,582.590361445783,777.303335431089,524.501872659176,690.714852959424,781.360175695461,650.818487394958,680.107541899441,598.359277275886,1048.43078055965,531.57279780922,455.135972461274,771.152358330506,818.129803586678,890.642189586115,945.423819742489,879.330758746025,816.467924528302,769.440084835631,452.560276338515,944.332189430336,865.627093954843,537.55823134623,491.719710144928,766.564829563555,609.59809183065,737.426914153132,840.227383863081,654.178463855422,722.879088206145,276.242424242424,587.465,537.070559610706,690.601307189542,937.33910306845,385.950537634409,896.046556741028,255.853164556962,658.430957683742,379.11198600175,708.414893617021,457.051007815714,923.974167623421
"T042",790.699236641221,890.697969543147,567.5,804.769901853871,533.784148397976,452.129286115795,698.303830911493,565.24765729585,704.727616645649,540.936458005662,890.984126984127,405.232738223274,573.611295681063,717.288597053171,822.048238897397,818.577371048253,932.992018244014,833.005552751136,818.55029201817,770.835850956697,456.367609254499,861.614136732329,917.642985611511,418.071357975885,327.302745297407,756.391336542021,369.040422885572,640.423336547734,785.667508417508,651.264506405426,782.107382550336,453.611328125,810.475994513032,404.05750798722,687.168859649123,665.089485458613,813.152434721242,945.78798185941,505.283695652174,873.867617107943,510.377897990726,830.599085365854,511.245204336947,929.700688073395,1033.17813267813,1002.66629339306,590.203098106713,776.149779735683,523.43570536829,697.698349671175,780.361639824305,650.710924369748,681.909217877095,604.15149409312,1060.15684830633,533.331355545413,451.624784853701,775.92093654564,817.34585824082,896.194926568758,947.329399141631,883.94956837801,816.243665768194,770.674443266172,452.955094991364,949.356897735072,872.135469774217,542.194236083695,492.073623188406,772.610066900287,610.935599284437,740.856148491879,841.609616951915,654.606174698795,721.591674925669,281.53206483439,585.98625,550.153284671533,693.277414669571,938.491738788356,389.078494623656,896.096993210475,254.620253164557,657.648106904232,380.090988626422,707.321808510638,459.917729329494,922.02009184845
"T043",792.754198473282,891.25296108291,554.888211382114,803.357688113413,531.244519392917,449.709949409781,698.861294583884,567.791164658635,706.39974779319,538.287826360491,887.626639061422,406.345450634545,568.913621262458,712.93529788597,821.212098009188,818.013311148086,928.697833523375,829.216052498738,817.526930564568,769.014098690836,453.719473007712,859.908458864426,911.597122302158,417.183633129077,327.754194204372,750.666049611255,369.340174129353,642.371263259402,784.946127946128,653.134890730972,782.732502396932,456.90234375,808.842249657064,407.124600638978,686.355263157895,661.599552572707,812.556104446013,944.293650793651,499.575,870.991853360489,510.670788253478,831.582317073171,508.905754795663,930.779243119266,1033.02948402948,1002.07166853303,577.910499139415,774.375707992448,524.895131086142,694.086983496712,781.093704245974,650.080672268908,684.097765363128,602.636900625434,1056.25110456554,532.514605203104,450.323580034423,772.582287071598,818.205807002562,896.325767690254,943.99034334764,881.945479327578,815.719137466307,770.905620360551,452.223834196891,948.514756348662,868.943918426803,539.788787998421,492.199710144928,768.669958585537,611.095408467501,742.506960556845,843.088834555827,654.478915662651,721.599603567889,277.481324876674,586.26375,545.435523114355,690.330428467683,936.679779701023,394.739784946237,894.369544131911,255.718987341772,658.708240534521,379.288713910761,702.13164893617,463.540929658577,922.281859931114
"T044",793.629007633588,893.928087986464,560.384146341463,808.519083969466,535.208544125913,453.687745924677,702.936591809775,572.187416331995,708.361916771753,541.979238754325,889.337474120083,407.218756721876,572.787375415282,719.763292761051,828.344563552833,822.457570715474,931.85062713797,837.808177688036,820.421804023361,775.274924471299,453.349614395887,866.035921205098,921.811151079137,420.37438228899,329.210726995425,761.798963346909,371.949626865672,647.082931533269,795.270202020202,655.717407686511,789.265580057526,456.654947916667,813.172839506173,405.169329073482,689.921052631579,668.494407158837,817.254057868737,955.065759637188,503.758695652174,877.982688391039,511.501545595054,831.634146341463,512.188907422852,935.24254587156,1032.6683046683,1008.74860022396,582.351118760757,778.851478917558,525.120474406991,699.939446581462,794.371888726208,659.90756302521,688.424581005587,607.932592077832,1059.99189985272,533.840255591054,450.024096385542,779.767899558873,819.832621690863,904.164218958612,953.863733905579,889.349386642435,822.40539083558,772.803817603393,454.52677029361,955.498284145504,876.787327021122,544.785432293723,495.111594202899,778.321439949028,618.197972570066,751.341067285383,854.502852485738,656.810993975904,725.718533201189,283.672304439746,589.06375,553.644768856448,696.273783587509,944.742722265932,390.560215053763,900.409311348206,256.445569620253,660.866369710468,381.010498687664,709.36170212766,462.589880707528,924.07233065442
"T045",796.551145038168,893.229272419628,565.904471544715,808.177208287895,536.926925238898,456.310146149522,704.656538969617,576.137884872825,706.076923076923,544.935514312677,890.226363008972,407.917616691762,575.63122923588,720.943625880846,827.032159264931,827.232945091514,936.877993158495,838.73397274104,825.576249188838,775.887210473313,457.809447300771,864.278099652375,920.339028776978,420.610792646768,329.415861718353,764.977415771936,372.260572139303,646.867888138862,794.132996632997,654.734740015072,789.746883988495,456.916015625,812.120713305898,406.23642172524,688.789473684211,670.306487695749,820.294989414255,951.938775510204,503.620652173913,876.381873727088,510.129057187017,831.873475609756,513.173477898249,935.586582568807,1035.36855036855,1006.9843225084,589.247848537005,779.320956576463,526.464419475655,703.199032137982,789.153733528551,660.579831932773,686.663407821229,609.025017373176,1062.10014727541,534.687357371063,455.213425129088,781.564302680692,820.346712211785,903.388518024032,952.210300429185,890.636983189459,824.91590296496,776.308589607635,458.606563039724,954.743994509266,876.426802621996,546.535728385314,494.181449275362,778.84740363173,616.274299344067,749.716937354988,850.693561532192,658.243222891566,726.82556987116,283.642706131078,590.1825,554.467153284672,699.780682643428,945.285601888277,392.287096774194,900.715809893307,256.53164556962,661.212694877506,380.701662292213,710.17420212766,465.781982723159,925.694029850746
"T046",797.103816793893,896.20219966159,569.565040650407,807.645038167939,539.14502529511,457.783305227656,703.029062087186,575.406961178046,706.934426229508,546.865366467443,893.786749482402,408.556033555603,578.981727574751,723.536515054452,828.542879019908,837.021630615641,939.750285062714,841.049469964664,827.578844905905,777.269889224572,457.478791773779,871.917728852839,925.004496402878,423.092113065823,330.452719877987,775.893002591633,374.213930348259,649.544840887175,802.107744107744,656.542577241899,793.124640460211,457.909505208333,814.628257887517,409.594249201278,690.990131578947,672.800894854586,823.376852505293,958.566893424036,506.136956521739,879.12016293279,512.738794435858,831.737804878049,515.888240200167,938.075114678899,1036.04422604423,1010.68980963046,593.452667814114,780.188168659534,527.135455680399,705.601811639161,789.420204978038,661.043697478992,689.870111731844,610.01042390549,1068.88954344624,537.307850296668,453.910499139415,784.912453342382,821.923996584116,914.638184245661,957.62660944206,893.293502953203,826.853908355795,778.483563096501,460.840069084629,955.015785861359,878.978878368536,549.038097118042,495.615942028986,784.846766486142,616.654144305307,748.664733178654,851.0162999185,658.676957831325,726.710604558969,283.581395348837,593.1425,554.182481751825,702.452432824982,955.94256490952,393.658064516129,900.343355965082,257.311392405063,660.940979955457,381.919510061242,709.478723404255,466.640888523241,927.913892078071
"T047",796.821374045802,897.148900169205,568.197154471545,810.405670665213,540.116919617763,456.276981450253,706.689564068692,577.192771084337,707.501891551072,544.502359232463,893.175983436853,409.671542267154,575.757475083057,722.072709801409,831.034456355283,833.787021630616,938.448118586089,841.792024230187,826.970798182998,779.295065458207,454.18059125964,871.767091541136,925.380395683453,420.98774461356,329.366548042705,770.878193261755,374.246268656716,648.212150433944,799.750841750842,657.496608892238,794.563758389262,459.505859375,812.194787379973,410.348242811502,691.842105263158,672.194630872483,823.96894848271,956.235827664399,507.194565217391,881.053971486762,512.505409582689,832.208841463415,517.21976647206,937.762614678899,1033.28501228501,1013.39585666293,591.605851979346,780.911264946507,527.164794007491,704.277950117881,796.130307467057,661.243697478992,691.224860335196,610.660180681028,1068.5913107511,538.020766773163,451.430292598967,785.72989480828,823.528608027327,911.343124165554,958.047210300429,891.286233530214,828.044204851752,776.686108165429,458.79274611399,952.284145504461,880.885651857247,546.473549151204,497.524057971014,783.102899012424,618.003577817531,752.634570765661,851.690301548492,659.280873493976,730.332011892963,284.495419309373,591.95875,557.900243309002,703.156136528686,949.702596380803,394.254838709677,903.388942774006,257.974683544304,662.466592427617,384.23709536308,712.400265957447,464.509255450432,927.723880597015
"T048",801.451908396947,898.626903553299,565.790650406504,810.912213740458,541.565486228218,458.55550871276,708.892998678996,579.013386880857,711.41235813367,546.522491349481,893.909592822636,410.578619057862,580.573089700997,724.116271620756,833.683001531394,837.605657237937,938.588369441277,846.212518929833,830.767034393251,785.702920443102,457.951156812339,872.223638470452,928.05845323741,421.938525400277,331.616420945602,772.493150684931,375.042288557214,650.188042430087,802.781986531986,659.856066314996,799.459252157239,456.095052083333,815.884773662551,412.837060702875,697.183114035088,677.65548098434,821.254057868737,955.41156462585,512.110869565217,885.78716904277,515.849304482226,836.314024390244,513.862385321101,943.459288990826,1037.77764127764,1014.41321388578,585.538726333907,783.010698552549,528.988139825218,705.53505397692,797.184480234261,660.805042016807,694.709497206704,611.159485753996,1065.83652430044,539.566408032862,457.943201376936,786.888700373261,825.326216908625,914.611481975968,959.75643776824,896.408450704225,831.346091644205,779.892895015907,466.093264248705,959.943033630748,883.103423160961,549.218120805369,498.25652173913,784.226505256451,618.558735837806,753.967517401392,853.618581907091,659.872740963855,730.938553022795,283.841437632135,593.27375,554.574209245742,704.58896151053,954.663257277734,392.864516129032,908.408341416101,259.192405063291,665.008908685969,385.577427821522,712.519946808511,466.75606746195,933.638346727899
"T049",798.259541984733,899.429780033841,567.030487804878,810.521264994547,541.04215851602,459.243816750984,708.935270805812,577.578313253012,711.1815889029,548.16955017301,894.464458247067,409.660357066036,577.229235880399,725.377001921845,832.555895865237,832.697171381032,939.057012542759,846.042907622413,827.030499675535,782.627391742195,460.815552699229,872.996523754345,927.536870503597,421.82288989919,331.092780884596,771.122176971492,374.837686567164,651.151398264224,804.739057239057,657.478522984175,796.919463087248,457.935546875,816.710562414266,407.805111821086,692.131578947368,675.96196868009,824.236414961186,957.056689342404,509.955434782609,884.350305498982,513.673879443586,830.850609756098,511.779399499583,939.557339449541,1036.33783783784,1017.04647256439,590.406196213425,783.260541220894,529.302746566791,706.799106588907,797.202049780381,661.878991596639,694.578212290503,612.403057678944,1068.29013254786,539.469876768599,456.077452667814,788.965049202579,825.35952177626,908.879839786382,956.198497854077,895.495229441163,826.766037735849,778.88441145281,466.178583765112,959.188743994509,881.163874726875,548.453020134228,497.795072463768,783.143994902835,618.476446034586,753.009280742459,856.240423797881,659.155873493976,731.239841427156,281.69978858351,593.45375,549.377128953771,704.421205519245,955.518489378442,390.495698924731,909.928225024248,258.235443037975,662.966592427617,383.058617672791,710.917553191489,464.053064582476,928.607347876005
"T050",797.691603053435,899.296108291032,555.758130081301,806.124863685932,533.086003372681,457.714446318156,702.21928665786,570.123159303882,709.9394703657,543.774771940862,891.706004140787,409.167562916756,571.028239202658,722.201153106983,830.733537519142,833.718801996672,934.704675028506,837.515901060071,826.277741726152,783.065458207452,455.859575835476,874.917728852839,924.030575539568,421.983000593003,330.420183019827,770.752313957793,374.884950248756,649.675988428158,801.212121212121,654.459683496609,794.740172579099,456.048177083333,814.38134430727,410.268370607029,696.127192982456,671.38255033557,824.366266760762,951.085034013605,511.326086956522,880.538696537678,514.159969088099,827.939024390244,510.023769808173,942.518348623853,1038.14864864865,1014.13885778275,574.746987951807,778.387035871617,525.372034956305,703.297555527981,789.590043923865,652.080672268908,693.949720670391,610.438151494093,1057.78718703976,536.672523961661,456.406196213425,783.903630810994,821.610589239966,907.575433911883,954.850858369099,892.706951385734,828.114285714286,774.811240721103,466.891882556131,953.547014413178,880.607428987618,547.702921437031,497.09768115942,783.655622809812,619.852116875373,754.819025522042,854.137734311328,658.44578313253,731.343904856293,284.029598308668,589.1475,556.839416058394,703.925925925926,948.673485444532,395.179569892473,908.143549951503,261.106329113924,666.75723830735,382.600174978128,706.301861702128,460.573837926779,932.259471871412
"T051",795.116030534351,898.916243654822,554.756097560976,805.24372955289,536.329398538505,458.847948285554,702.937912813738,574.192771084337,710.03656998739,545.47530670022,891.369220151829,410.362658636266,566.171096345515,722.622998078155,831.405053598775,833.545757071547,934.354618015964,842.746087834427,824.911745619727,783.124874118832,459.159383033419,874.979142526072,925.973021582734,423.196876853133,331.555160142349,772.065901517956,376.304726368159,651.716489874638,802.351851851852,657.638281838734,793.450623202301,454.955078125,814.499314128944,411.939297124601,696.604166666667,666.091722595078,823.079745942131,952.540816326531,510.35652173913,877.758655804481,512.231066460587,828.983231707317,513.263135946622,939.13876146789,1033.97788697789,1011.71444568869,565.643717728055,778.614852108244,524.564918851436,703.695867973694,781.178623718887,652.779831932773,693.944134078212,614.008686587908,1056.00368188513,539.061387494295,447.95008605852,784.724465558195,822.726729291204,905.216288384513,956.06008583691,893.290322580645,823.948247978437,773.35737009544,463.919516407599,957.260123541524,881.479242534596,548.59080142124,498.706086956522,782.13698630137,622.755515802027,759.404872389791,856.593317033415,659.814006024096,731.414271555996,285.300916138125,593.04375,559.98296836983,705.952069716776,949.313139260425,398.972043010753,903.313288069835,265.121518987342,667.93429844098,385.997375328084,706.602393617021,464.201151789387,931.614236509759
"T052",798.051908396947,897.692893401015,558.485772357724,807.523446019629,530.329960652052,456.434092186622,703.747688243065,573.151271753681,709.110970996217,544.627555835168,890.958592132505,410.379436437944,571.312292358804,721.864830237027,831.563552833078,836.590682196339,936.223489167617,841.60323069157,828.602855288774,785.730110775428,455.895565552699,872.852838933951,927.359712230216,422.02510377545,330.807066598882,774.864864864865,374.078980099502,649.256509161041,802.224747474747,658.617935192163,792.712368168744,454.188151041667,814.931412894376,411.26517571885,698.811403508772,666.23937360179,818.904022582922,957.884353741497,509.59347826087,879.005091649694,513.319165378671,831.323170731707,507.483319432861,941.674311926605,1034.7886977887,1014.90929451288,572.777969018933,782.014474512272,523.200374531835,704.253381312818,795.027818448023,658.206722689076,693.185754189944,614.644197359277,1060.35935198822,537.645367412141,451.306368330465,785.691890057686,823.414175918019,911.340453938585,957.001072961373,893.000454338937,829.683557951482,778.455991516437,463.785146804836,958.339052848318,884.063364894392,548.580142123964,499.501449275362,785.108951895508,619.882528324389,759.433874709977,860.444172779136,659.827560240964,734.248761149653,287.017618040874,591.29125,566.973236009732,704.483660130719,952.447678992919,398.703225806452,905.543161978661,261.898734177215,665.755011135857,387.028871391076,707.820478723404,463.692307692308,934.334098737084
"T053",796.986259541985,897.138747884941,554.934959349593,808.138495092694,534.929173693086,456.850056211355,703.361955085865,571.452476572959,710.846153846154,543.024536017616,890.990338164251,410.79909657991,572.513289036545,720.284753363229,830.847626339969,834.246256239601,939.888255416192,842.202423018677,826.754055807917,792.211480362538,456.086118251928,868.19235225956,926.845323741007,420.561178098438,331.738434163701,773.01332839689,375.044154228856,650.179363548698,796.490740740741,657.091936699322,793.217641418984,452.130859375,816.235939643347,410.252396166134,697.419956140351,670.778523489933,811.633027522936,951.081632653061,511.314130434783,881.20366598778,515.038639876352,830.693597560976,504.612176814012,939.518922018349,1033.84029484029,1011.97984322508,563.392426850258,781.225298930145,525.268414481898,701.403027670927,791.860907759883,650.067226890756,694.328212290503,610.891938846421,1057.35051546392,536.898676403469,454.302925989673,782.643366135053,824.135781383433,904.750333778371,957.475321888412,892.985006815084,833.077628032345,777.925768822906,463.445941278066,956.696636925189,881.885651857247,546.99703908409,498.856231884058,782.192417967506,620.100178890877,756.531322505801,856.061124694377,661.128765060241,733.587710604559,286.343904157858,588.055,557.632603406326,704.073347857662,947.249409913454,393.352688172043,903.398642095053,262.787341772152,666.84855233853,390.278215223097,709.910904255319,461.82435211847,932.477037887486
"T054",797.389312977099,896.366328257191,561.455284552846,803.327699018539,530.886453063519,456.308600337268,698.347424042272,566.203480589023,708.175283732661,543.585404215162,890.60248447205,408.209507420951,572.715946843854,721.396540679052,825.348392036753,831.409317803661,933.551881413911,836.43816254417,824.386112913692,781.628398791541,455.345758354756,866.982618771726,926.970323741007,419.286024906108,329.679715302491,774.938541281007,373.680348258706,645.80231436837,796.808080808081,656.423511680482,789.363374880153,453.690755208333,812.711934156379,408.907348242812,699.814692982456,667.31096196868,816.799576570219,951.292517006803,514.240217391304,876.337067209776,514.270479134467,830.390243902439,509.573811509591,939.648509174312,1037.37592137592,1009.60414333707,576.184165232358,775.375707992448,524.757178526841,702.869338627621,779.020497803807,646.282352941176,691.240223463687,612.444058373871,1057.60751104566,534.905750798722,458.984509466437,780.923990498812,818.067463706234,906.706275033378,955.612660944206,891.632439800091,826.161185983828,776.244962884412,462.216925734024,953.246396705559,882.423889293518,545.153770232925,496.938550724638,784.221726664543,617.166964818128,749.235498839907,852.573757131214,660.811746987952,726.523290386521,286.784355179704,589.15875,560.98296836983,703.479302832244,946.084972462628,399.421505376344,897.108632395732,262.00253164557,666.704899777283,387.027121609799,707.6875,462.399012751954,931.603903559127
"T055",792.474809160305,894.186971235195,553.973577235772,801.258996728462,529.32658797077,455.757448004497,697.892998678996,567.349397590361,707.540983606557,543.783265177729,889.564527260179,407.990320499032,565.181063122924,720.90935297886,824.753445635528,832.277870216306,936.098061573546,835.765270065623,822.880597014925,778.157099697885,452.125642673522,872.387022016222,926.956834532374,420.034789484088,328.769445856634,774.097741577194,372.430348258706,642.237222757956,795.686868686869,655.6857573474,783.259827420901,455.748046875,809.087791495199,409.450479233227,696.924342105263,664.221476510067,815.266760762174,952.820861678005,505.858695652174,870.936863543788,513.044049459042,830.184451219512,504.117180984153,937.447247706422,1029.27272727273,1006.82922732363,564.358003442341,778.900566393958,523.031835205992,701.738553170369,788.937042459736,647.534453781513,688.29469273743,611.792564280751,1052.08468335788,534.470789593793,447.481927710843,780.53919239905,818.122117847993,907.798397863818,956.56652360515,889.970467969105,825.967654986523,777.176033934252,455.496027633851,942.570350034317,880.909686817189,541.610935649428,496.464347826087,781.231283848359,616.148479427549,749.69837587007,843.422982885086,659.179969879518,726.19028741328,284.959830866808,588.53125,555.785888077859,698.78431372549,938.848937844217,398.920430107527,891.637245392822,261.572151898734,664.604677060134,387.306211723535,709.587765957447,463.296174413821,926.636050516648
"T056",796.297709923664,895.076988155668,557.857723577236,804.550708833152,532.741427768409,457.846683530073,698.443857331572,567.472556894244,708.489281210593,543.668134633533,890.815734989648,408.946224994623,577.56146179402,721.209160794363,828.349923430322,833.467554076539,937.189281641961,839.250378596668,827.45165476963,784.445115810675,455.277956298201,865.736964078795,926.81654676259,418.849772682348,330.491611591256,778.048870788597,373.702736318408,644.460945033751,795.293771043771,656.585531273549,789.366251198466,455.825520833333,811.544581618656,411.85303514377,697.90350877193,668.351230425056,820.773465067043,954.374149659864,510.678260869565,876.493890020367,513.148377125193,828.086890243902,503.279399499583,939.405963302752,1035.63267813268,1012.26763717805,568.734939759036,777.56073001888,527.621722846442,706.848368283906,788.225475841874,652.475630252101,692.263966480447,614.038568450313,1059.80117820324,534.908032861707,461.836488812392,782.825924669155,818.338172502135,912.165554072096,959.960300429185,894.225806451613,831.102964959569,777.576882290562,461.251468048359,953.317089910776,881.560815731974,546.053493880774,496.703768115942,787.359031538707,618.130590339893,750.046403712297,853.878565607172,662.161144578313,728.437066402379,286.837914023961,589.495,556.518248175183,705.981844589688,950.565696302124,393.665591397849,896.082444228904,261.784810126582,666.626948775056,388.265091863517,709.401595744681,464.079391197038,931.285878300804
"T057",792.496183206107,895.871404399323,554.150406504065,803.298800436205,532.390106801574,453.716835300731,695.420079260238,562.800535475234,708.708701134931,539.854671280277,888.843340234645,407.460959346096,567.338870431894,713.881486226778,827.637825421133,829.131447587354,929.071835803877,833.264008076729,823.138870863076,787.800604229607,453.64942159383,860.194669756663,922.370503597122,416.97608222969,330.169293340112,766.064420584969,372.179726368159,643.957569913211,789.06734006734,655.766390354182,786.159156279962,449.603515625,811.993141289438,410.309904153355,696.099780701754,669.765100671141,806.18630910374,942.705215419501,510.54347826087,877.493890020367,516.129829984544,834.310975609756,512.419099249374,938.451834862385,1031.16953316953,1008.29619260918,559.323580034423,776.422907488987,524.333957553059,698.356123588535,775.954612005856,643.398319327731,691.298882681564,611.088255733148,1051.54197349043,533.409858512095,453.678141135972,776.57312521208,817.781383432963,903.24699599466,951.472103004292,886.695138573376,830.883018867925,779.040296924708,456.93091537133,953.742621825669,879.546249089585,543.850769838137,494.80347826087,778.815227779548,615.692307692308,742.303944315545,851.046454767726,660.317771084337,724.751238850347,291.171952078929,589.5375,562.622871046229,703.289034132171,942.811172305271,393.002150537634,894.923375363725,260.584810126582,666.069042316258,389.225721784777,711.602393617021,463.983134512546,928.857060849598
"T058",795.691603053435,893.927241962775,555.34756097561,806.376772082879,532.103991006183,456.120994940978,697.331571994716,565.834002677376,708.296343001261,541.652091852784,890.274672187716,407.984942998494,572.320598006645,717.579756566304,829.151607963247,831.093178036606,933.767388825542,841.355376072691,824.833225178456,780.486404833837,456.559447300771,861.179606025492,923.212230215827,416.641035777822,329.784697508897,770.864864864865,372.474502487562,644.834136933462,794.348484848485,658.308967596081,787.85426653883,455.149739583333,815.172839506173,409.769968051118,696.232456140351,665.004474272931,814.995765702188,946.961451247166,507.455434782609,875.716904276986,514.285935085008,829.838414634146,508.178899082569,939.409403669725,1032.46928746929,1010.33874580067,573.376936316695,778.69540591567,526.341448189763,702.597220498821,780.740849194729,648.957983193277,691.27374301676,613.573314801946,1060.21796759941,534.405294386125,454.423407917384,779.100101798439,820.256191289496,907.675567423231,956.37982832618,891.492503407542,828.168733153639,776.505832449629,458.175129533679,953.118050789293,881.82957028405,544.305763916305,495.43768115942,781.825103536158,615.79427549195,743.747099767981,854.145884270579,663.161144578313,726.017839444995,289.461592670895,591.50375,567.43795620438,703.828612926652,947.073170731707,394.517204301075,893.625606207566,260.326582278481,665.543429844098,387.635170603675,712.595744680851,469.007815713698,928.482778415614
"T059",793.864122137405,893.108291032149,552.764227642276,802.448745910578,530.576728499157,453.276278808319,696.450462351387,563.037483266399,707.923076923077,539.012897137465,887.100069013112,406.919982791998,570.495016611296,713.459641255605,828.833078101072,823.207986688852,928.616875712657,838.666834931853,818.980532121999,786.158106747231,456.2985218509,855.411355735805,917.724820143885,414.652105159122,329.231570920183,761.877823028508,371.753109452736,643.199614271938,782.281144781145,654.680482290882,783.763183125599,451.314453125,811.954732510288,406.198083067093,695.311403508772,660.579418344519,805.631616090332,942.97619047619,506.505434782609,873.480651731161,511.260432766615,824.798780487805,499.300250208507,935.50630733945,1033.45331695332,1007.29563269877,557.037865748709,777.164883574575,524.667290886392,695.369400670058,780.351390922401,642.647058823529,689.33938547486,605.89958304378,1049.73637702504,532.02122318576,455.631669535284,773.320325755005,818.491033304868,894.550066755674,949.37982832618,886.858246251704,826.281940700809,773.3032873807,457.882901554404,946.467398764585,874.843408594319,538.96150809317,494.571884057971,774.14845492195,614.753726893262,744.407192575406,848.644661776691,661.253012048193,723.982160555005,288.77378435518,589.76875,558.07299270073,698.18082788671,934.41935483871,387.183870967742,893.160038797284,257.80253164557,663.179287305122,387.359580052493,711.514627659574,461.498971616619,926.357634902411
"T060",794.928244274809,900.102368866328,553.20325203252,810.595419847328,538.003372681282,457.232012366498,704.376486129458,569.065595716198,711.427490542245,543.069204152249,893.852311939268,409.917186491719,573.84219269103,718.320627802691,830.28943338438,827.073211314476,931.811858608894,833.372539121656,824.515898767034,787.350453172205,456.807519280206,861.574739281576,927.617805755396,418.436449891283,331.341382816472,772.217697149204,375.008084577114,651.579556412729,793.731481481482,660.690278824416,791.927133269415,452.413411458333,815.670781893004,410.626198083067,700.649122807018,668.935123042506,807.99647141849,943.914965986395,511.594565217391,882.141547861507,516.380216383308,833.358231707317,510.426605504587,942.971330275229,1032.41891891892,1013.16125419933,552.643717728055,783.186280679673,528.063670411985,699.358357116267,788.289897510981,649.831932773109,695.667597765363,611.704308547603,1056.01399116348,536.146280237335,456.714285714286,777.994570749915,821.633646456021,903.325767690254,952.99034334764,889.517946388005,832.555795148248,779.451749734889,456.044214162349,951.525051475635,882.774945375091,542.800236873273,497.43768115942,780.03695444409,619.302325581395,753.345707656612,854.897310513447,664.174698795181,729.655104063429,289.77378435518,590.2825,562.9099756691,701.026870007262,940.570416994493,393.775268817204,899.021338506305,258.326582278481,667.461024498886,391.252843394576,711.547872340426,464.518305224188,931.927095292767
